id,url
2884448,https://www.voscours.fr/prof-particulier-luneville/photographe-professionnelle-luneville-2884448
2884776,https://www.voscours.fr/online/psychologie/titulaire-licence-psychologie-actuellement-master-neuropsychologie-2884776
2877232,https://www.voscours.fr/prof-particulier-bondy/etudiante-ecole-ingenieur-donne-cours-particuliers-2877232
2884790,https://www.voscours.fr/online/espagnol/professeur-natif-donne-cours-aux-collegiens-2884790
2884784,https://www.voscours.fr/prof-particulier-le-pradet/aide-aux-devoirs-cours-particuliersmaths-physique-2884784
2884562,https://www.voscours.fr/prof-particulier-nice/photographe-charge-communication-nice-2884562
2884615,https://www.voscours.fr/online/anglais/enseignant-anglais-diplome-celta-donne-cours-zoom-aux-particuliers-tous-niveaux-2884615
2884815,https://www.voscours.fr/prof-particulier-troyes/etudiant-troyes-qui-peut-aider-eleves-diverses-matieres-permis-2884815
2884811,https://www.voscours.fr/online/mathematiques/aide-aux-devoirs-cours-particuliersmaths-physique-ligne-2884811
2884821,https://www.voscours.fr/online/francais/professeur-francais-donne-cours-presentiel-ligne-cerbere-2884821
2216592,https://www.voscours.fr/online/anglais/debute-ameliore-ton-anglais-en-ligne-2216592
2884709,https://www.voscours.fr/prof-particulier-toulon/professeur-arabe-diplome-maitrise-toulon-2884709
2883932,https://www.voscours.fr/prof-particulier-nice/physique-chimie-tous-niveaux-college-lycee-superieur-2883932
2885349,https://www.voscours.fr/prof-particulier-strasbourg/professeur-collegiens-strasbourg-2885349
2885236,https://www.voscours.fr/online/anglais/professeur-experimentee-donne-cours-tous-niveaux-anglais-2885236
2878416,https://www.voscours.fr/prof-particulier-nancy/athlete-coach-sportif-diplome-etat-specialise-preparation-physique-sportive-propose-coaching-mesure-personn-2878416
2885430,https://www.voscours.fr/prof-particulier-romainville/professeur-yoga-hatha-vinyasa-cours-particuliers-semi-particuliers-a-domicile-debutant-intermediaire-2885430
2885471,https://www.voscours.fr/prof-particulier-ouistreham/cours-photographie-apprendre-a-utiliser-appareil-2885471
2885503,https://www.voscours.fr/prof-particulier-le-havre/cours-anglais-niveau-college-lycee-havre-2885503
2885543,https://www.voscours.fr/online/anglais/cours-anglais-niveau-primaire-college-lycee-a-distance-2885543
2885614,https://www.voscours.fr/prof-particulier-versailles/musicien-professionnel-donne-cours-batterie-versailles-2885614
1311274,https://www.voscours.fr/prof-particulier-la-garenne-colombes/cours-anglais-tous-niveaux-garenne-colombes-1311274
1368318,https://www.voscours.fr/prof-particulier-corbeil-essonnes/professeure-retraitee-francais-postulant-eleves-eme-a-terminale-1368318
1368319,https://www.voscours.fr/prof-particulier-linas/coach-developpement-personnel-linas-1368319
1404490,https://www.voscours.fr/prof-particulier-valence/professeur-ecolesfrancais-jusqu-lycee-1404490
1429546,https://www.voscours.fr/online/mathematiques/cours-mathematiques-primaire-college-1429546
1772822,https://www.voscours.fr/prof-particulier-saint-brieuc/bac-specialise-chimie-saint-brieuc-1772822
1778302,https://www.voscours.fr/prof-particulier-nancy/professeur-particulier-anglais-nancy-1778302
2070334,https://www.voscours.fr/online/mathematiques/agrege-mathematiques-propose-cours-ligne-2070334
2568835,https://www.voscours.fr/online/droit/eleve-avocat-propose-cours-droit-en-ligne-2568835
2658382,https://www.voscours.fr/online/mathematiques/cours-maths-anglais-niveau-lycee-en-ligne-2658382
2692969,https://www.voscours.fr/prof-particulier-saintry-sur-seine/etudiant-donnant-cours-maths-niveau-college-primaire-2692969
2726918,https://www.voscours.fr/online/informatique/initiation-a-comprehension-systemes-premiers-pas-a-reparation-2726918
2847678,https://www.voscours.fr/prof-particulier-beuvry/etudiante-seconde-annee-licence-sociologie-histoire-egalement-professeur-histoire-beuvry-2847678
2849215,https://www.voscours.fr/prof-particulier-casabianca/prof-physique-chimie-ans-expe-veau-lycee-2849215
2857999,https://www.voscours.fr/prof-particulier-boulogne-billancourt/ingenieur-donne-cours-scientifiques-maths-physique-chimie-a-tout-niveau-2857999
2861988,https://www.voscours.fr/prof-particulier-amiens/etudiante-economie-parlant-trois-langues-2861988
2862174,https://www.voscours.fr/prof-particulier-clermont-ferrand/enseignant-francais-tuteur-cours-anglais-2862174
2862493,https://www.voscours.fr/prof-particulier-grenoble/cours-francais-langue-etrangere-langue-natale-2862493
2863443,https://www.voscours.fr/prof-particulier-orange/professeure-science-qui-donne-cours-niveau-baccalaureat-2863443
2863447,https://www.voscours.fr/online/biologie/professeure-science-qui-donne-cours-niveau-baccalaureat-2863447
2863874,https://www.voscours.fr/prof-particulier-rouen/mathematics-teacher-all-levels-rouen-2863874
2863973,https://www.voscours.fr/prof-particulier-marly-le-roi/professeur-tous-niveaux-italien-marly-roi-2863973
2867322,https://www.voscours.fr/online/francais/professeur-certifiee-lettres-modernes-sept-ans-experience-2867322
2867386,https://www.voscours.fr/online/anglais/professeur-anglais-experience-parle-langues-francais-anglais-arabe-travaille-chartres-2867386
2867523,https://www.voscours.fr/prof-particulier-brest/cours-espagnol-tous-niveaux-brest-2867523
2867547,https://www.voscours.fr/online/anglais/etudiant-voulant-devenir-pilote-ligne-donc-beaucoup-etudie-anglais-donne-cours-limoges-webcam-2867547
2867660,https://www.voscours.fr/prof-particulier-saint-germain-en-laye/aide-aux-devoirs-soutien-scolaire-primaire-college-a-germain-laye-2867660
2867664,https://www.voscours.fr/prof-particulier-saint-philbert-de-grand-lieu/professeur-musique-piano-clavier-guitare-accordeon-2867664
2867681,https://www.voscours.fr/prof-particulier-chennevieres-sur-marne/cours-mathematiques-jusqua-fin-lyceetoutes-filieres-sauf-2867681
2867685,https://www.voscours.fr/prof-particulier-saint-jacques-de-la-lande/cours-anglais-tous-niveaux-saint-jacques-lande-2867685
2867690,https://www.voscours.fr/prof-particulier-casabianca/professeur-mathematiques-lycee-cpge-universite-2867690
2867742,https://www.voscours.fr/prof-particulier-garons/cours-mathematiques-jusqu-college-garons-2867742
2867753,https://www.voscours.fr/prof-particulier-garons/professeur-soutien-mathematiques-autre-matiere-garons-2867753
2867991,https://www.voscours.fr/prof-particulier-baie-mahault/doctorante-biologie-vous-propose-mon-aide-baie-mahault-2867991
2867998,https://www.voscours.fr/prof-particulier-baie-mahault/doctorante-vous-propose-mon-aide-baie-mahault-2867998
2868084,https://www.voscours.fr/prof-particulier-saint-malo/traducteur-trilingue-francaisallemandanglais-chinois-2868084
2868157,https://www.voscours.fr/online/mathematiques/etudiant-ayant-suivi-classe-prepa-maths-diplome-licence-physique-donne-cours-limoges-webcam-2868157
2868179,https://www.voscours.fr/online/physique/etudiant-sortant-classe-prepa-maths-physique-diplome-licence-physique-donne-cours-limoges-webcam-2868179
2868319,https://www.voscours.fr/prof-particulier-tours/etudiante-licence-mathematiques-tours-2868319
2868493,https://www.voscours.fr/prof-particulier-dijon/professeur-finance-mathematiques-economie-basiques-mathematiques-comptables-2868493
2868531,https://www.voscours.fr/prof-particulier-brest/cours-soutient-sciences-naturelles-niveau-cm1-cm2-2868531
2868621,https://www.voscours.fr/prof-particulier-annemasse/cours-svt-tout-niveau-jusqu-superieur-soutien-remise-a-niveau-2868621
2868627,https://www.voscours.fr/prof-particulier-decazeville/enseignant-specialise-segpa-hopital-fle-2868627
2868633,https://www.voscours.fr/prof-particulier-la-possession/etudiant-passionne-partage-connaissance-a-recherche-emploi-2868633
2868671,https://www.voscours.fr/prof-particulier-clermont-ferrand/etudiant-ecole-commerce-filiere-all-english-2868671
2868732,https://www.voscours.fr/prof-particulier-dijon/professeur-trilingue-donne-cours-plusieurs-discipline-a-dijon-2868732
2868797,https://www.voscours.fr/prof-particulier-rives-isere/professeur-ecoles-donne-cours-maths-francais-anglais-niveau-primaire-college-2868797
2868807,https://www.voscours.fr/prof-particulier-dijon/cours-histoire-geographie-francais-methodologie-tout-niveaux-2868807
2868844,https://www.voscours.fr/online/mathematiques/etudiante-grande-ecole-a-institut-polytechnique-paris-donne-cours-maths-collegelycee-2868844
2868850,https://www.voscours.fr/prof-particulier-metz/etudiante-pouvant-aider-enfants-primaire-devoirs-2868850
2868874,https://www.voscours.fr/online/histoire/cours-histoire-geographie-tout-niveaux-ligne-2868874
2869093,https://www.voscours.fr/prof-particulier-tremblay-en-france/maitrise-anglais-couramment-ecoute-eleve-bien-lui-expliquer-mode-apprentissage-moderne-dynamique-ludique-adapte-selon-age-2869093
2869200,https://www.voscours.fr/prof-particulier-boulogne-billancourt/etudiante-master-donne-cours-particuliers-mathematiques-2869200
2869233,https://www.voscours.fr/prof-particulier-poitiers/cours-mathematiques-niveau-college-lycee-2869233
2869335,https://www.voscours.fr/prof-particulier-nogent-sur-marne/professeur-anglais-bilingue-tous-niveaux-2869335
2869447,https://www.voscours.fr/prof-particulier-metz/aide-aux-devoirs-cours-primaire-college-2869447
2869453,https://www.voscours.fr/prof-particulier-clermont-ferrand/etudiante-ecole-ingenieur-tres-bon-niveau-scientifique-2869453
2869524,https://www.voscours.fr/prof-particulier-le-puy-en-velay/professeurs-anglais-ayant-vecu-aux-usa-angleterre-2869524
2869533,https://www.voscours.fr/prof-particulier-sainte-agathe-la-bouteresse/professeure-histoire-art-sainte-agathe-bouteresse-2869533
2869614,https://www.voscours.fr/prof-particulier-anglet/cours-maths-sciences-physiques-anglet-2869614
2869627,https://www.voscours.fr/prof-particulier-la-rochelle/etudiante-master-biotechnologie-parcours-biochimie-2869627
2869777,https://www.voscours.fr/prof-particulier-villebon-sur-yvette/cours-mathematiques-collegelyceeprepa-2869777
2869782,https://www.voscours.fr/a-domicile/indre/professeur-espagnol-native-qui-vient-atterrir-chateauroux-cherche-eleves-chateauroux-2869782
2869841,https://www.voscours.fr/prof-particulier-vannes/ingenieur-generaliste-vannes-2869841
2869938,https://www.voscours.fr/prof-particulier-le-mans/cours-mathematiques-niveau-primaire-college-2869938
2870067,https://www.voscours.fr/prof-particulier-biarritz/cours-maths-pours-collegiens-lyceens-2870067
2870174,https://www.voscours.fr/online/college-et-lycee/professeur-management-commerce-en-ligne-2870174
2870521,https://www.voscours.fr/prof-particulier-saint-etienne/cours-espagnol-enseignante-native-saint-etienne-2870521
2870617,https://www.voscours.fr/online/espagnol/etudiante-donnant-cours-en-ligne-2870617
2870669,https://www.voscours.fr/prof-particulier-limoges/cours-particuliers-college-lycee-limoges-2870669
2870695,https://www.voscours.fr/prof-particulier-vannes/etudiante-ecole-ingenieur-experience-soutien-scolaire-primaire-college-2870695
2870780,https://www.voscours.fr/online/mathematiques-appliquees/professeur-math-sciences-secondaire-2870780
2870943,https://www.voscours.fr/prof-particulier-clermont-ferrand/cours-anglais-tous-niveaux-clermont-ferrand-2870943
2870955,https://www.voscours.fr/prof-particulier-choisy-le-roi/cours-arabe-niveau-primaire-choisy-roi-2870955
2871115,https://www.voscours.fr/prof-particulier-rennes/professeur-native-francais-tous-niveaux-2871115
2871147,https://www.voscours.fr/prof-particulier-rennes/professeur-espagnol-bilingue-rennes-2871147
2871172,https://www.voscours.fr/online/droit/cours-droit-civil-en-ligne-2871172
2871182,https://www.voscours.fr/prof-particulier-strasbourg/chanteuse-professeur-chant-experience-internationale-come-chanteuse-2871182
2871209,https://www.voscours.fr/prof-particulier-les-molieres/donne-cours-droit-civil-ligne-semaine-soir-week-end-molieres-2871209
2871367,https://www.voscours.fr/prof-particulier-saint-thurien-finistere/enseignant-francais-lettres-modernes-2871367
2871567,https://www.voscours.fr/online/anglais/cours-anglais-specialement-adaptes-a-vos-objectifs-besoins-2871567
2871621,https://www.voscours.fr/prof-particulier-crest/professeur-francais-crest-2871621
2871631,https://www.voscours.fr/prof-particulier-angers/cours-coaching-ligne-presentiez-tout-niveaux-2871631
2871698,https://www.voscours.fr/online/mathematiques/etudiante-bac-donne-cours-maths-primaire-a-seconde-a-distance-2871698
2871817,https://www.voscours.fr/prof-particulier-douvres-la-delivrande/professeur-piano-douvres-delivrande-2871817
2871830,https://www.voscours.fr/prof-particulier-toulon/professeur-langue-francaise-natif-donne-cours-particuliers-toulon-2871830
2871839,https://www.voscours.fr/prof-particulier-grenoble/algorithmiques-structures-donnees-python-java-mathematiques-2871839
2871846,https://www.voscours.fr/prof-particulier-houilles/formation-initiation-portugais-houilles-2871846
2871883,https://www.voscours.fr/prof-particulier-champigny-sur-marne/profeseur-archeologie-histoire-anglais-francais-2871883
2871901,https://www.voscours.fr/prof-particulier-creteil/cours-informatique-tous-niveaux-creteil-2871901
2872001,https://www.voscours.fr/online/musique/cours-manipulation-clavier-arrangeur-2872001
2872017,https://www.voscours.fr/prof-particulier-lisieux/cours-anglais-tout-niveau-primaire-lycee-2872017
2872103,https://www.voscours.fr/prof-particulier-pau/cours-espagnol-etudiant-espagnol-pau-2872103
2872148,https://www.voscours.fr/prof-particulier-rouen/cours-maths-prepa-preparer-concours-2872148
2872226,https://www.voscours.fr/prof-particulier-chalon-sur-saone/enseignante-retraitee-education-nationale-propose-soutien-scolaire-2872226
2872240,https://www.voscours.fr/prof-particulier-chalon-sur-saone/cours-particuliers-eleves-primaire-chalon-saone-2872240
2872281,https://www.voscours.fr/online/danse/cours-danse-tous-niveaux-classique-moderne-jazz-contemporain-hip-hop-comedie-musicale-2872281
2872328,https://www.voscours.fr/prof-particulier-dijon/profesor-espanol-oral-dijon-2872328
2872335,https://www.voscours.fr/online/espagnol/cours-particuliers-espagnol-tout-niveau-2872335
2872342,https://www.voscours.fr/prof-particulier-dijon/profesor-espanol-oral-dijon-2872342
2872351,https://www.voscours.fr/prof-particulier-poitiers/repetiteur-anglais-tous-niveaux-poitiers-2872351
2872644,https://www.voscours.fr/prof-particulier-reims/etudiant-natif-espagnol-connaissance-anglais-francais-comme-langues-etrangeres-2872644
2872670,https://www.voscours.fr/online/sciences-naturelles/professeur-particulier-sciences-en-ligne-2872670
2872687,https://www.voscours.fr/prof-particulier-epineau-les-voves/profeddeur-francais-certifie-classe-exceptionnelle-2872687
2872706,https://www.voscours.fr/prof-particulier-rennes/cours-particulier-maths-rennes-rennes-2872706
2872819,https://www.voscours.fr/prof-particulier-nimes/cours-soutien-approfondissement-vacances-toussaint-nimes-2872819
2872974,https://www.voscours.fr/prof-particulier-charleville-mezieres/cours-particulier-anglais-niveau-2872974
2873049,https://www.voscours.fr/prof-particulier-angers/cours-particuliers-violon-solfege-debutant-personne-cours-apprentissage-a-domicile-2873049
2873173,https://www.voscours.fr/prof-particulier-strasbourg/cours-francais-collegiens-lyceens-adultes-2873173
2873188,https://www.voscours.fr/prof-particulier-les-abymes/professeur-francais-6eme-a-terminale-2873188
2873259,https://www.voscours.fr/prof-particulier-strasbourg/eleve-avocat-propose-cours-droit-strasbourg-2873259
2873314,https://www.voscours.fr/prof-particulier-saint-louis-haut-rhin/diplome-master-chant-medieval-renaissance-2873314
2873325,https://www.voscours.fr/prof-particulier-stains/professeur-bilingue-espagnol-stains-2873325
2873485,https://www.voscours.fr/prof-particulier-chambery/professeur-particulier-informatique-2873485
2873537,https://www.voscours.fr/prof-particulier-beaune/soutien-scolaire-conversation-entrainer-a-beaune-2873537
2873608,https://www.voscours.fr/prof-particulier-reims/cours-physique-chimie-svt-tout-niveau-cours-maths-niveaux-college-2873608
2873659,https://www.voscours.fr/prof-particulier-viry-chatillon/professeur-ans-a-2nde-viry-chatillon-2873659
2873749,https://www.voscours.fr/prof-particulier-metz/doctorant-arts-metiers-dispense-cours-maths-physique-chimie-anglais-2873749
2873784,https://www.voscours.fr/prof-particulier-quimper/professeur-histoire-economie-quimper-2873784
2873833,https://www.voscours.fr/online/anglais/professeur-certifiee-anglais-ayant-enseigne-lycee-sein-education-nationale-annees-2873833
2873860,https://www.voscours.fr/prof-particulier-nice/cours-piano-a-domicile-nice-alentours-ainsi-que-vallee-var-rives-aeroport-jusqua-plan-var-2873860
2873915,https://www.voscours.fr/prof-particulier-orleans/cours-espagnol-tous-niveaux-orleans-2873915
2873927,https://www.voscours.fr/online/francais/professeure-native-francaise-vivant-espagne-donne-cours-francaisespagnol-2873927
2874000,https://www.voscours.fr/prof-particulier-nice/aides-aux-devoirs-sciences-economiques-sociales-mathematiques-francais-2874000
2874007,https://www.voscours.fr/prof-particulier-nice/sciences-economiques-sociales-mathematiques-francais-espagnol-2874007
2874160,https://www.voscours.fr/prof-particulier-gonfreville-lorcher/etudiant-habituee-cours-particulies-2874160
2874164,https://www.voscours.fr/prof-particulier-corbeilles/professeur-philosophie-francais-corbeilles-2874164
2874216,https://www.voscours.fr/online/mathematiques/etudiant-2nd-annee-classe-preparatoire-2874216
2874223,https://www.voscours.fr/prof-particulier-caen/etudiant-informatique-caen-caen-2874223
2874483,https://www.voscours.fr/prof-particulier-lons/donner-cours-arabe-tous-niveaux-anglais-primaire-2874483
2874608,https://www.voscours.fr/online/yoga/feminite-conscience-english-francais-2874608
2874627,https://www.voscours.fr/prof-particulier-avignon/cours-espagnol-tous-niveaux-reduction-accents-2874627
2874764,https://www.voscours.fr/prof-particulier-le-havre/professeur-qualifie-experimente-langue-arabe-ans-experience-2874764
2874864,https://www.voscours.fr/prof-particulier-saint-ouen-seine-saint-denis/cours-particuliers-a-3eme-seine-saint-denis-saint-ouen-2874864
2874866,https://www.voscours.fr/prof-particulier-perpignan/francais-numerique-lettre-motivation-2874866
2874934,https://www.voscours.fr/prof-particulier-noisy-le-grand/cours-particuliers-espagnol-noisy-grand-2874934
2874968,https://www.voscours.fr/prof-particulier-montevrain/soutien-scolaire-francais-primaire-lycee-2874968
2875125,https://www.voscours.fr/prof-particulier-conflans-sur-loing/cours-a-domicile-saxophone-alto-tenor-toutniveaux-2875125
2875150,https://www.voscours.fr/prof-particulier-calais/cours-anglais-prononciation-communication-2875150
2875151,https://www.voscours.fr/prof-particulier-reims/etudiant-ans-bilingue-ayant-etudie-ans-a-miami-desormais-master-programme-grande-ecole-a-neoma-business-school-2875151
2875421,https://www.voscours.fr/prof-particulier-mougins/cours-piano-tous-niveaux-pianiste-classique-concertiste-diplome-conservatoire-donne-cours-piano-particuliers-enfant-adultes-2875421
2875618,https://www.voscours.fr/prof-particulier-janze/professeur-agrege-histoire-geographie-2875618
2875848,https://www.voscours.fr/online/chinois/professeur-natif-chinois-tous-niveaux-2875848
2876055,https://www.voscours.fr/prof-particulier-ommoy/professeur-francais-second-degre-ommoy-2876055
2876159,https://www.voscours.fr/prof-particulier-chamant/soutien-espagnol-tous-niveaux-chamant-2876159
2876279,https://www.voscours.fr/prof-particulier-villeneuve-saint-georges/cours-mathematiques-villeneuve-saint-georges-2876279
2876284,https://www.voscours.fr/prof-particulier-angers/etudiante-ecole-ingenieur-cours-mathematiques-sciences-vie-terre-autre-selon-niveau-scolaire-2876284
2876336,https://www.voscours.fr/prof-particulier-evry-essonne/etudiants-experience-mathematiques-tout-essonne-2876336
2876411,https://www.voscours.fr/prof-particulier-le-tampon/enseignant-repetiteur-tampon-2876411
2876487,https://www.voscours.fr/prof-particulier-dijon/professeur-musique-dijon-2876487
2876527,https://www.voscours.fr/prof-particulier-antibes/professeur-anglais-guide-interprete-2876527
2876537,https://www.voscours.fr/prof-particulier-clermont-ferrand/etudiante-chimie-propose-cours-maths-a-clermont-ferrand-2876537
2876570,https://www.voscours.fr/prof-particulier-heiligenberg/cours-toute-matiere-maternel-jusqua-5eme-2876570
2876606,https://www.voscours.fr/prof-particulier-perpignan/conseillere-gestion-patrimoine-perpignan-2876606
2876674,https://www.voscours.fr/prof-particulier-tours/etudiante-passionnee-anglais-donne-cours-tout-niveaux-2876674
2876800,https://www.voscours.fr/prof-particulier-orleans/cours-particuliers-primaire-a-terminale-soutien-scolaire-aide-aux-devoirs-preparation-aux-examens-orleans-2876800
2876833,https://www.voscours.fr/prof-particulier-le-havre/ancienne-etudiante-aide-aux-devoirs-vos-enfants-2876833
2876834,https://www.voscours.fr/online/arabe/professeur-langue-arabe-en-ligne-2876834
2876840,https://www.voscours.fr/prof-particulier-domont/cours-particulier-langue-arabe-domont-2876840
2876999,https://www.voscours.fr/prof-particulier-boussy-saint-antoine/apprentissage-langue-arabe-boussy-saint-antoine-2876999
2877039,https://www.voscours.fr/prof-particulier-orleans/cours-espagnol-niveau-college-lycee-2877039
2877060,https://www.voscours.fr/prof-particulier-colombes/professeur-mathematiques-colombes-2877060
2877062,https://www.voscours.fr/online/espagnol/professeuse-native-donne-cours-espagnol-ligne-2877062
2877238,https://www.voscours.fr/prof-particulier-bondy/cours-particuliers-physique-bondy-2877238
2877243,https://www.voscours.fr/prof-particulier-bondy/etudiante-ecole-ingenieur-propose-cours-chimie-2877243
2877300,https://www.voscours.fr/prof-particulier-nancy/cours-anglais-tout-niveau-physique-chimie-maths-niveau-college-lycee-2877300
2877307,https://www.voscours.fr/prof-particulier-bouy-luxembourg/licence-lettres-modernes-bouy-luxembourg-2877307
2877318,https://www.voscours.fr/prof-particulier-saint-benoit-la-reunion/cours-anglais-niveau-primaire-lycee-2877318
2877346,https://www.voscours.fr/online/anglais/cours-anglais-ligne-a-domicile-en-ligne-2877346
2877426,https://www.voscours.fr/prof-particulier-soussey-sur-brionne/professeur-francais-motivee-dynamique-donne-cours-ligne-adapte-a-vos-besoins-soussey-brionne-2877426
2877549,https://www.voscours.fr/online/developpement-de-jeux-video/developpement-jeu-video-moteur-graphique-unreal-engine-2877549
2877681,https://www.voscours.fr/online/arabe/professeur-arabe-enseignant-independant-arabe-litteraire-depuis-plusieurs-annees-bilingue-anglais-francais-2877681
2877741,https://www.voscours.fr/online/primaire/cours-soutien-cm2-forger-esprit-devoir-aux-eleves-leur-apporter-soutien-2877741
2877810,https://www.voscours.fr/prof-particulier-annemasse/professeur-mathematiques-annemasse-2877810
2877884,https://www.voscours.fr/prof-particulier-amiens/etudiante-maths-jusqu-niveau-2nde-amiens-2877884
2877907,https://www.voscours.fr/prof-particulier-brest/professeure-francais-niveau-jusque-lycee-2877907
2877937,https://www.voscours.fr/online/espagnol/professeur-bilingue-espagnol-francais-2877937
2877950,https://www.voscours.fr/prof-particulier-grenoble/doctorant-droit-a-universite-grenoble-2877950
2877969,https://www.voscours.fr/online/arabe/professeur-arabe-doctorant-droit-en-ligne-2877969
2878041,https://www.voscours.fr/online/francais/professeur-francais-langue-etrangere-2878041
2878174,https://www.voscours.fr/prof-particulier-montils/prof-independant-mathematiques-montils-2878174
2878214,https://www.voscours.fr/online/francais/professeur-francais-tous-niveau-en-ligne-2878214
2878247,https://www.voscours.fr/online/francais/professeure-francais-propose-cours-francais-tout-niveau-fle-francais-langue-etrangere-2878247
2878278,https://www.voscours.fr/online/examens-d-entree/preparation-aux-concours-fonction-publique-2878278
2878350,https://www.voscours.fr/prof-particulier-perpignan/professeure-physique-chimie-perpignan-2878350
2878406,https://www.voscours.fr/online/espagnol/profesaria-espagnol-natif-offre-cours-linge-paris-hopital-2878406
2878438,https://www.voscours.fr/prof-particulier-strasbourg/diplomee-master-biotechnologies-propose-cours-mathematiques-niveau-lycee-2878438
2878458,https://www.voscours.fr/prof-particulier-amiens/ingenieur-genie-industriel-amiens-2878458
2878460,https://www.voscours.fr/prof-particulier-nantes/cours-anglais-conversation-plus-academique-tous-niveaux-2878460
2878530,https://www.voscours.fr/online/anglais/professeur-anglais-offre-cours-adultes-enfants-see-you-soon-lourdes-2878530
2878583,https://www.voscours.fr/prof-particulier-le-pecq/professeur-comptabilite-pecq-2878583
2878727,https://www.voscours.fr/prof-particulier-robecq/etudiante-cpge-litteraire-donne-cours-anglais-niveau-college-lycee-specialite-anglais-2878727
2878895,https://www.voscours.fr/prof-particulier-orleans/professeur-mathematiques-tout-college-cours-a-orleans-2878895
2879030,https://www.voscours.fr/prof-particulier-amiens/cours-histoire-geographie-svt-science-politique-jusqua-terminale-2879030
2879081,https://www.voscours.fr/prof-particulier-rouen/soutien-scolaire-primaire-lycee-rouen-2879081
2879187,https://www.voscours.fr/prof-particulier-creteil/etudiante-marketing-ecole-commerce-creteil-2879187
2879244,https://www.voscours.fr/prof-particulier-saint-herblain/professeure-motivee-espagnol-diplomee-licence-llce-espagnol-saint-herblain-2879244
2879257,https://www.voscours.fr/online/mathematiques/cours-mathematiques-jusqu-niveau-bac-2879257
2879504,https://www.voscours.fr/prof-particulier-massy-essonne/-diplome-mines-paris-mines-paristech-cours-maths-phys-informatique-que-succes-rime-plaisir-2879504
2879648,https://www.voscours.fr/prof-particulier-strasbourg/cous-chinois-a-tous-niveaux-strasbourg-2879648
2879692,https://www.voscours.fr/prof-particulier-bourdeaux/professeure-espagnol-native-travaille-a-espagne-comme-professeure-pendant-ans-bourdeaux-2879692
2879750,https://www.voscours.fr/prof-particulier-ribemont/cours-histoire-tous-niveaux-ribemont-2879750
2879751,https://www.voscours.fr/prof-particulier-cachan/cours-physique-differents-niveaux-cachan-2879751
2879884,https://www.voscours.fr/online/espagnol/cours-espagnol-franco-mexicaine-en-ligne-2879884
2879886,https://www.voscours.fr/prof-particulier-issy-les-moulineaux/etudiante-eme-annee-architecture-issy-moulineaux-2879886
2879918,https://www.voscours.fr/prof-particulier-blois/cours-destines-aux-eleves-college-lycee-2879918
2880069,https://www.voscours.fr/prof-particulier-mulhouse/etudiante-bts-metiers-chimie-mulhouse-2880069
2880097,https://www.voscours.fr/prof-particulier-metz/professeur-particulier-cours-philosophie-2880097
2880246,https://www.voscours.fr/prof-particulier-le-havre/cours-anglais-tout-niveaux-jusqu-lycee-2880246
2880521,https://www.voscours.fr/prof-particulier-rouen/cours-francais-litterature-tous-niveaux-2880521
2880722,https://www.voscours.fr/prof-particulier-sainte-gemmes-dandigne/cours-francais-a-terminale-sainte-gemmes-andigne-2880722
2880760,https://www.voscours.fr/prof-particulier-mulhouse/diplomee-lettres-traduction-donne-cours-anglais-ligne-mulhouse-2880760
2880829,https://www.voscours.fr/online/francais/cours-francais-a-terminale-ligne-en-ligne-2880829
2880852,https://www.voscours.fr/online/mathematiques/etant-premiere-annee-superieur-obtenue-mon-baccalaureat-scientifique-competences-scientifiques-necessaires-niveau-college-consequent-peux-di-2880852
2880881,https://www.voscours.fr/prof-particulier-gap/prof-italien-origine-italienne-gap-2880881
2880999,https://www.voscours.fr/online/italien/professeur-langue-maternelle-experience-diplome-donne-cours-italien-ligne-tous-niveaux-2880999
2881003,https://www.voscours.fr/prof-particulier-palaiseau/offre-cours-particuliers-mathematiques-presentiel-niveau-collegelycee-2881003
2881038,https://www.voscours.fr/prof-particulier-velizy-villacoublay/arabe-est-passion-pas-seulement-langue-maternelle-2881038
2881091,https://www.voscours.fr/prof-particulier-louviers/cours-particulier-louviers-2881091
2881152,https://www.voscours.fr/prof-particulier-marolles-sur-seine/professeur-anglais-propose-cours-entreprise-2881152
2881209,https://www.voscours.fr/prof-particulier-nimes/seance-fitness-remise-forme-renforcement-musculaire-musculation-plus-encore-2881209
2881506,https://www.voscours.fr/prof-particulier-cagnes-sur-mer/cours-mathematiques-niveau-lycee-seconde-a-terminale-2881506
2881664,https://www.voscours.fr/prof-particulier-poitiers/cours-particuliers-mathematiques-soutien-scolaire-2881664
2881686,https://www.voscours.fr/prof-particulier-ville-davray/professeur-anglais-mathematiques-tous-niveaux-2881686
2881698,https://www.voscours.fr/prof-particulier-limeil-brevannes/actuellement-classe-preparatoire-dcg-mets-a-disposition-eleves-etudiants-afin-accompagnes-tout-long-leur-programme-scolaire-but-attenuer-leu-2881698
2881728,https://www.voscours.fr/prof-particulier-annecy/cours-soutien-scolaire-mathematiques-2881728
2881851,https://www.voscours.fr/online/droit/juriste-droit-public-specialisee-droit-urbanisme-assure-mes-cours-a-distance-2881851
2881930,https://www.voscours.fr/prof-particulier-rouen/suis-etudiante-pharmacie-donne-cours-maths-anglais-eleves-primaire-college-parallele-mes-etudes-2881930
2881937,https://www.voscours.fr/prof-particulier-rouen/suis-etudiante-pharmacie-vous-propose-cours-maths-anglais-paralleles-mes-etudes-2881937
2882097,https://www.voscours.fr/prof-particulier-colombes/professeur-anglais-tous-niveaux-colombes-2882097
2882172,https://www.voscours.fr/prof-particulier-bergerac/professeur-certifie-donne-cours-histoire-geographie-2882172
2882200,https://www.voscours.fr/prof-particulier-saint-pierre-la-reunion/formatrice-langue-francaise-francais-langue-etrangere-2882200
2882415,https://www.voscours.fr/online/espagnol/professeur-natif-espagnol-en-ligne-2882415
2882676,https://www.voscours.fr/prof-particulier-matha/formatrice-experimentee-anglais-affaires-2882676
2882686,https://www.voscours.fr/prof-particulier-nice/professeur-bilingue-langues-arabe-litteraire-langue-maternelle-francais-2882686
2882791,https://www.voscours.fr/online/anglais/professeur-langues-anglais-francais-espagnol-allemand-plus-ans-experience-avignon-2882791
2882878,https://www.voscours.fr/prof-particulier-dijon/cours-toutes-sciences-niveau-college-svt-a-partir-lycee-2882878
2882918,https://www.voscours.fr/online/francais/donne-cours-francais-a-3eme-en-ligne-2882918
2883017,https://www.voscours.fr/prof-particulier-amiens/etudiante-infirmiere-amiens-2883017
2883049,https://www.voscours.fr/online/histoire/jeune-etudiant-possession-bac-actuellement-droit-2883049
2883094,https://www.voscours.fr/online/anglais/professeur-experimente-donne-cours-particuliers-2883094
2883103,https://www.voscours.fr/prof-particulier-saint-malo/professseure-anglais-experimentee-donne-cours-soutien-tout-niveaux-titulaire-diplome-tesol-teaching-english-speakers-others-languages-2883103
2883184,https://www.voscours.fr/prof-particulier-marguerittes/motivation-methodes-cles-reussite-marguerittes-2883184
2883186,https://www.voscours.fr/prof-particulier-moelan-sur-mer/cours-maths-collegelycee-moelan-mer-2883186
2883215,https://www.voscours.fr/online/anglais/anglais-tutoring-particulier-suis-diplomee-tesol-australie-enseigner-anglais-2eme-langue-2883215
2883252,https://www.voscours.fr/prof-particulier-saint-etienne/cours-francais-droit-tout-niveau-saint-etienne-2883252
2883267,https://www.voscours.fr/online/francais/etudiante-aide-aux-devoirs-en-ligne-2883267
2883325,https://www.voscours.fr/prof-particulier-nice/physique-chimie-tous-niveaux-college-lycee-superieur-2883325
2883346,https://www.voscours.fr/prof-particulier-rennes/cours-particuliers-anglais-francais-histoire-geographie-niveau-primaire-college-2883346
2883355,https://www.voscours.fr/prof-particulier-aubervilliers/cours-mathematique-primaire-college-lycee-2883355
2883487,https://www.voscours.fr/online/espagnol/donne-cours-espagnol-en-ligne-2883487
2883658,https://www.voscours.fr/prof-particulier-brest/etudiant-masseur-kinesitherapeute-donne-cours-anatomie-medecine-1ere-annee-2883658
2883833,https://www.voscours.fr/prof-particulier-guyancourt/ingenieur-mecanique-guyancourt-2883833
2883839,https://www.voscours.fr/prof-particulier-villefranche-sur-mer/etudiant-litterature-anglaise-villefranche-mer-2883839
2883886,https://www.voscours.fr/prof-particulier-luneville/responsable-informatique-luneville-2883886
2883929,https://www.voscours.fr/prof-particulier-strasbourg/etudiante-classe-preparatoire-scientifique-offre-cours-scientifiques-college-lycee-a-strasbourg-strasbourg-2883929
2883972,https://www.voscours.fr/online/francais/rituel-tomber-enceinte-rapidement-tomber-enceinte-facile-rapidement-2883972
2884069,https://www.voscours.fr/prof-particulier-mourmelon-le-grand/etudiant-licence-donne-cours-particuliers-eleve-college-a-seconde-2884069
2884101,https://www.voscours.fr/prof-particulier-quimper/cours-mathematique-classique-jusqua-terminal-cours-restauration-jusqu-terminal-2884101
2884130,https://www.voscours.fr/prof-particulier-aubiere/etudiant-portail-sciences-aubiere-2884130
2884201,https://www.voscours.fr/prof-particulier-metz/etudiant-a-universite-lorraine-qui-peut-donner-cours-aide-aux-devoirs-a-eleves-college-lycee-a-metz-2884201
2884369,https://www.voscours.fr/prof-particulier-amiens/etudiant-donne-cours-particuliers-anglais-a-amiens-2884369
