idAn,url,idUser,city,prenom
1332314,https://www.voscours.fr/prof-particulier-rennes/cours-mathematiques-par-etudiante-statistiques-1332314,1405397,Rennes,Enora
1334712,https://www.voscours.fr/prof-particulier-le-bugue/professeure-anglais-formatrice-anglais-tout-age-tout-niveaux-1334712,1408628,Campagne (Dordogne),Pauline
1206905,https://www.voscours.fr/cours-de-allemand-a-vaucluse/cours-allemand-tout-niveau-avignon-1206905,1197208,Avignon,Vanessa
1220512,https://www.voscours.fr/prof-particulier-dijon/cours-martogulier-maths-college-lycee-1220512,1220624,Saint-Apollinaire (Côte-d'Or),Marie
1884332,https://www.voscours.fr/prof-particulier-allonnes-sarthe/2eme-annee-licence-anglais-a-universite-souhaite-aider-eleves-leur-apprentissage-anglais-qui-peut-parfois-etre-difficile-1884332,2121258,Allonnes (Sarthe),Alizee
1723720,https://www.voscours.fr/prof-particulier-labenne/cours-particuliers-mathematiques-tout-niveau-1723720,1921656,Labenne,Ambre
1762501,https://www.voscours.fr/prof-particulier-la-garde-var/cours-a-domicile-remise-a-niveau-var-garde-1762501,1971307,La Garde (Var),Alexia
1834417,https://www.voscours.fr/prof-particulier-chatenay-malabry/cours-pianocomposition-adapte-a-vos-envies-1834417,2061585,Clichy,Thomas
3244233,https://www.voscours.fr/online/photographie/journaliste-reporter-photo-auteur-photographe-nombreuses-expositions-conference-universite-3244233,2190510,Évian-les-Bains,Jean Louis
3241196,https://www.voscours.fr/prof-particulier-amiens/anglais-maths-niveau-primaire-amiens-3241196,3804587,Amiens,Ambre
3209011,https://www.voscours.fr/prof-particulier-sanvignes-les-mines/anglais-jusqu-terminale-espagnol-jusqu-terminale-francais-jusqu-terminale-math-jusqu-3ieme-3209011,3771942,,Sylvie
3244308,https://www.voscours.fr/online/cycles-de-formation/dessin-ordinateur-en-ligne-3244308,3803730,,Pierre
3244344,https://www.voscours.fr/prof-particulier-bruz/cours-mathematiques-niveau-college-lycee-3244344,3807752,Bruz,Pascale
3244337,https://www.voscours.fr/prof-particulier-boulogne-sur-mer/etudiante-1er-annee-donne-cours-mathematique-3244337,3807741,Boulogne-sur-Mer,Twinity
3244374,https://www.voscours.fr/prof-particulier-colmar/professeur-peinture-dessin-colmar-colmar-3244374,3807785,,Badet
3244369,https://www.voscours.fr/prof-particulier-bruz/cours-francais-litterature-francaise-tous-niveaux-3244369,3807752,Bruz,Pascale
3244383,https://www.voscours.fr/prof-particulier-orsay/cours-chimie-biologie-college-orsay-3244383,3807793,Bures-sur-Yvette,Julien Poumarède
3244410,https://www.voscours.fr/prof-particulier-biarritz/cours-stage-photo-tous-niveaux-couleur-noir-blanc-paysage-street-photo-reportage-3244410,3303210,Bayonne,Serge
3244482,https://www.voscours.fr/prof-particulier-gauchy/etudiant-licence-langues-etrangeres-3244482,3807889,Gauchy,Charly
3244490,https://www.voscours.fr/prof-particulier-montreuil-seine-saint-denis/cours-anglais-tous-niveaux-amelioration-orale-ecrite-accent-americain-3244490,3807891,Bagnolet,Sylvie
3244535,https://www.voscours.fr/prof-particulier-dijon/etudiant-licence-espagnol-cours-espagnol-3244535,3194773,,Bouring
1944418,https://www.voscours.fr/prof-particulier-villeneuve-saint-georges/professeur-mathematiques-college-lycee-1944418,2200570,Ablon-sur-Seine,Francelot
1956465,https://www.voscours.fr/prof-particulier-le-mans/professeur-anglais-niveau-primaire-bac-1956465,2121258,Allonnes (Sarthe),Alizee
1961798,https://www.voscours.fr/prof-particulier-saint-avold/cours-espagnol-soutien-scolaire-methodologie-approche-individualisee-avold-environs-1961798,2227068,Macheren,Mélissa
2016805,https://www.voscours.fr/prof-particulier-vendome/etudiante-comptabilite-gestion-vendome-2016805,2308892,Gouzon,Mailys
2055628,https://www.voscours.fr/prof-particulier-noisy-le-grand/cours-particuliers-maths-collegiens-2055628,2366655,Bry-sur-Marne,Marie
2065991,https://www.voscours.fr/online/mathematiques/cours-particuliers-math-physique-chimie-anglais-eleve-ingenieure-centralienne-2065991,1260227,Nantes,Manon
2217957,https://www.voscours.fr/online/mathematiques/cours-mathematiques-francais-en-ligne-2217957,2547602,,Clara
2221849,https://www.voscours.fr/online/francais/cours-particuliers-francais-professeur-certifie-2221849,2552950,La Rochelle,Guillaume
2437183,https://www.voscours.fr/prof-particulier-rennes/etudiante-ingenieure-propose-cours-maths-physique-chimie-biologie-niveau-primaire-a-terminale-2437183,1979179,Rennes,Julie
2545106,https://www.voscours.fr/online/physique/professeure-mathematiques-physique-chimie-tous-niveaux-primaire-secondaire-superieur-2545106,2985554,,Clara
2558567,https://www.voscours.fr/online/francais/professeur-francais-en-ligne-2558567,2962680,Bizanos,Marie Noelle
2620042,https://www.voscours.fr/prof-particulier-pau/suis-actuellement-deuxieme-annee-licence-economie-gestion-a-universite-toulouse-quelques-facilites-economie-mathematiques-habitude-donner-co-2620042,3077674,,Nicolas
3244191,https://www.voscours.fr/prof-particulier-cayenne/cours-collegiens-cayenne-3244191,3807597,,Sarah
2839816,https://www.voscours.fr/online/theatre/cours-theatre-niveau-cycle-en-ligne-2839816,3359081,,Hermanis
2862790,https://www.voscours.fr/prof-particulier-les-sables-dolonne/educateur-sportif-diplome-sables-olonne-2862790,3386038,Château-d'Olonne,Christophe
2871794,https://www.voscours.fr/prof-particulier-tours/professeur-arabe-tous-niveaux-tours-2871794,3391781,Joué-lès-Tours,Zina
2874420,https://www.voscours.fr/prof-particulier-nantes/coach-sportif-diplome-etat-nantes-ses-alentours-2874420,2971293,Nantes,Sébastien
2927758,https://www.voscours.fr/prof-particulier-nimes/cours-maths-niveau-college-nimes-2927758,3459330,Caissargues,Lila
2928904,https://www.voscours.fr/prof-particulier-saint-genis-pouilly/french-teacher-english-saint-genis-pouilly-2928904,3460664,,Nesa
2935802,https://www.voscours.fr/prof-particulier-saint-nazaire-loire-atlantique/etudiant-domaine-industriel-saint-nazaire-2935802,3469271,Saint-Brevin-les-Pins,Daryl
2936043,https://www.voscours.fr/prof-particulier-nimes/cours-physique-chimie-svt-niveau-college-lycee-2936043,3469595,Caissargues,Axel
2939324,https://www.voscours.fr/prof-particulier-chalmaison/professeur-canadien-anglais-tous-niveaux-2939324,3473537,Chalmaison,Claudette Suzanne
2939566,https://www.voscours.fr/prof-particulier-troyes/professeur-math-6e-a-terminale-troyes-2939566,3473815,Saint-André-les-Vergers,Bakary
2939579,https://www.voscours.fr/prof-particulier-nimes/professeur-trilingue-experience-ans-2939579,3473831,Nîmes,Stephanie
2939626,https://www.voscours.fr/prof-particulier-nancy/etudiant-etre-ingenieur-suis-assez-a-aise-maths-tres-pedagogue-vous-expliquer-2939626,3473895,Malzéville,Léo
2939637,https://www.voscours.fr/prof-particulier-dijon/professeur-sivananda-ashtanga-yin-yoga-2939637,3473911,Dijon,Gemelli
2939672,https://www.voscours.fr/prof-particulier-fontainebleau/professeur-bilingue-anglais-tous-niveaux-2939672,3473956,,Stephanie
2939694,https://www.voscours.fr/prof-particulier-nanterre/professeur-donne-cours-histoire-niveau-college-visio-2939694,3473993,,Thomas
2939723,https://www.voscours.fr/prof-particulier-vanduvre-les-nancy/enseignante-chercheuse-mathematiques-appliquees-statistique-2939723,3474030,Heillecourt,Marwa
2939771,https://www.voscours.fr/prof-particulier-reims/aide-aux-devoirs-niveau-primaire-solfegepiano-debutants-2939771,3474094,Reims,Emma
2939824,https://www.voscours.fr/prof-particulier-dijon/diplomee-master-espagnol-propose-aide-aux-devoirs-eleves-ecole-primaire-2939824,3474172,Dijon,Lucica
2939901,https://www.voscours.fr/prof-particulier-le-boulou/cours-francais-bureautique-boulou-2939901,3474266,,Eva
2939925,https://www.voscours.fr/prof-particulier-laigle/jeune-professeure-qui-connait-pas-mal-langues-2939925,3474310,,Büsra
2940047,https://www.voscours.fr/prof-particulier-chartres/enseignante-experimentee-svt-biologie-ecologie-2940047,3253508,Lucé,Nathalie.
2940051,https://www.voscours.fr/prof-particulier-chartres/professeur-svt-biologie-svt-experimentee-poste-lycee-chartres-2940051,3474466,,Nathalie
2940054,https://www.voscours.fr/online/biologie/cours-biolologie-soutien-scolaire-ligne-2940054,3474471,,Can Ahmet
2940069,https://www.voscours.fr/prof-particulier-marseilles-les-aubigny/etudiante-donne-cours-maths-marseille-13005-2940069,2678104,,Vanessa
2940086,https://www.voscours.fr/online/mathematiques/eleve-ecole-ingenieur-propose-cours-mathematiques-eleves-secondaire-2940086,3474510,,Thom
2940095,https://www.voscours.fr/online/anglais/eleve-ecole-ingenieur-propose-cours-anglais-jusqu-niveau-2940095,3474510,,Thom
2940183,https://www.voscours.fr/prof-particulier-chateau-arnoux-saint-auban/professeur-bilingue-experience-ans-tous-public-2940183,3474635,Château-Arnoux-Saint-Auban,Rajkoumar
2940229,https://www.voscours.fr/prof-particulier-limoges/enseignante-anglais-ingenieure-electromecanique-2940229,3474672,,Soumia
2940277,https://www.voscours.fr/prof-particulier-le-blanc-mesnil/professeur-mathematiques-sciences-physiques-sciences-ingenieur-2940277,3474728,Aulnay-sous-Bois,Idrys
2940374,https://www.voscours.fr/prof-particulier-casabianca/suis-professeur-retraite-anticipe-prete-donner-cours-arabe-petit-pris-merci-2940374,3092950,,Khadija
2940464,https://www.voscours.fr/prof-particulier-limay/professeur-musique-a-domicile-limay-2940464,3212709,Limay,Patrick
2940488,https://www.voscours.fr/prof-particulier-vanves/jeune-diplomee-ingenierie-energie-souhaitant-apporter-contribution-enseignement-2940488,3474966,,Vedika
2940493,https://www.voscours.fr/online/mathematiques/jeune-diplomee-ingenierie-experience-solide-mathematiques-sciences-appliquees-apprentissage-langues-2940493,3474966,,Vedika
2940494,https://www.voscours.fr/prof-particulier-bidache/aide-aux-devoirs-renfort-apprentissage-primaire-2940494,3474980,,Duilhé Lafourcade
2940497,https://www.voscours.fr/online/espagnol/professeur-espagnol-native-madrid-ligne-debutants-2940497,3474987,,Elena
2940508,https://www.voscours.fr/prof-particulier-evry-essonne/etudiant-genie-electrique-essonne-evry-2940508,3475007,Mennecy,Ahmadou Bamba
2940521,https://www.voscours.fr/prof-particulier-surjoux/professeur-francais-histoire-geographie-2940521,3475034,Anthy-sur-Léman,Véronique
2940562,https://www.voscours.fr/online/mathematiques/etudiant-ingenieur-propose-aide-mathematiques-2940562,3475091,Nantes,Ulysse
2940682,https://www.voscours.fr/prof-particulier-gilly-sur-isere/dame-prof-dessin-peinture-donne-cours-sujets-niveaux-savoie-2940682,3475247,Albertville,Marleen
2940709,https://www.voscours.fr/prof-particulier-belfort-ville/professeure-espagnol-belfort-ville-2940709,3475286,Belfort ville,Sabine
2940754,https://www.voscours.fr/prof-particulier-compiegne/cours-maths-primaire-tous-niveaux-compiegne-2940754,3475350,Compiègne,Meryame
2940757,https://www.voscours.fr/online/espagnol/cour-espagnol-niveau-lycee-en-ligne-2940757,3468390,Dijon,Benoit
2940769,https://www.voscours.fr/prof-particulier-saint-germain-en-laye/cours-piano-a-domicile-tout-age-saint-germain-laye-2940769,3328932,Chatou,Raphael
2940772,https://www.voscours.fr/online/ofimatique/cours-introduction-perfectionnement-a-programmation-vba-2940772,3475378,,Pascal
2940808,https://www.voscours.fr/prof-particulier-amiens/cours-arabe-tous-niveaux-amiens-2940808,3475434,,Douha
2940878,https://www.voscours.fr/prof-particulier-narbonne/professeur-anglais-tout-niveau-nationalite-australienne-2940878,3475531,Bages (Aude),Marine
2940911,https://www.voscours.fr/prof-particulier-niort/bilingue-experience-expatriee-ans-donne-cours-anglais-tous-niveaux-2940911,3475558,,Céline Chicote
2940913,https://www.voscours.fr/prof-particulier-poitiers/apprentissage-anglais-maniere-ludique-2940913,3475559,Biard,Théa
2940917,https://www.voscours.fr/prof-particulier-saint-etienne/professeur-particulier-toutes-matieres-niveau-primaire-college-lycee-titulaire-licence-anglais-bac-scientifique-2940917,2866246,,Meryem
2940928,https://www.voscours.fr/prof-particulier-poitiers/eleve-licence-anglais-donne-cours-apprendre-a-aimer-anglais-2940928,3475559,Biard,Théa
2940944,https://www.voscours.fr/prof-particulier-bousseviller/formatrice-langues-anglaise-allemande-ans-experience-centre-a-domicile-vision-tous-niveaux-2940944,3475585,Bousseviller,Black Sabrina
2940946,https://www.voscours.fr/prof-particulier-angers/cours-science-vie-terre-niveau-primaire-a-lycee-2940946,1893504,Angers,Céline
2941015,https://www.voscours.fr/online/francais/professeur-francais-ligne-experience-professionnelle-ans-2941015,3475663,,Elise Magloire
2941073,https://www.voscours.fr/prof-particulier-nantes/cours-particuliers-matieres-generales-2941073,3475742,,Fanny
2941226,https://www.voscours.fr/prof-particulier-berling/cours-allemand-mathematiques-berling-2941226,3475903,,Delano
2941246,https://www.voscours.fr/online/anglais/etudiante-droit-francais-anglais-en-ligne-2941246,3475915,,Yasmine
2941277,https://www.voscours.fr/prof-particulier-nimes/cours-anglais-tout-niveau-titulaire-bac-technologique-ans-classe-preparatoire-actuelement-licence-2eme-annee-maths-saurais-cous-aidez-vous-a-2941277,3475948,Caissargues,Mounir
2941301,https://www.voscours.fr/prof-particulier-rosheim/diplomee-master-staps-entrainement-optimisation-performance-sportive-2941301,3475961,Bischoffsheim,Margot
2941303,https://www.voscours.fr/prof-particulier-tours/professeur-donner-cours-particulier-2941303,3475964,La Riche,Soukaina
2941402,https://www.voscours.fr/prof-particulier-caen/professeur-langues-caen-2941402,3476076,,Illina
2941413,https://www.voscours.fr/online/espagnol/professeur-espagnol-en-ligne-2941413,3476076,,Illina
2941470,https://www.voscours.fr/prof-particulier-nimes/etudiante-ans-aux-beaux-arts-nimes-2941470,3476176,Vauvert,Ninon
2941498,https://www.voscours.fr/prof-particulier-palaiseau/maths-college-a-prepa-professeur-particulier-mathematiques-2941498,3475408,Palaiseau,Julian
2941502,https://www.voscours.fr/prof-particulier-le-blanc-mesnil/professeur-anglais-cecilia-blanc-mesnil-2941502,3476219,,Cécilia
2941559,https://www.voscours.fr/prof-particulier-palaiseau/physique-college-a-prepa-professeur-particulier-physique-2941559,3475408,Palaiseau,Julian
2941627,https://www.voscours.fr/prof-particulier-mulhouse/cours-maths-aide-aux-devoirs-preparation-brevet-2941627,3476385,Brunstatt-Didenheim,Sonia
2941665,https://www.voscours.fr/prof-particulier-clermont-ferrand/parlant-anglais-depuis-enfance-peux-donner-cours-a-tous-niveaux-2941665,2899406,,Yann
2941721,https://www.voscours.fr/prof-particulier-les-mureaux/professeur-mathematiques-mureaux-2941721,3476512,Hardricourt,Manel
2941821,https://www.voscours.fr/prof-particulier-nimes/professeur-anglais-niveau-eme-nimes-2941821,3476632,,Strens margaux
2941882,https://www.voscours.fr/online/allemand/hallo-appelle-cyrielle-ans-vis-allemagne-depuis-maintenant-quelques-annees-passionnee-langues-etrangeres-etudie-anglais-allemand-italien-ser-2941882,3476699,,Cyrielle
2941917,https://www.voscours.fr/prof-particulier-amiens/professeur-mathematiques-amiens-2941917,3476731,Amiens,Paule Aaronne
2942212,https://www.voscours.fr/prof-particulier-bayonne/auto-entrepreneuse-donne-divers-cours-langues-maths-economie-etc-niveau-master-2942212,3476970,Bayonne,Marine
2942310,https://www.voscours.fr/prof-particulier-tours/professeur-arabe-dialectal-classique-2942310,3477073,La Riche,Bernard
2942425,https://www.voscours.fr/online/chinois/professeur-chinois-experiences-en-ligne-2942425,2844585,,Chen
2942504,https://www.voscours.fr/prof-particulier-amiens/cours-psychologie-clinique-psychopathologie-2942504,3477273,,Col
2942689,https://www.voscours.fr/online/mathematiques/ingenieure-diplomee-materiaux-donne-cours-mathsphysiquefrancais-niveaux-allant-college-lycee-2942689,3477489,Chaville,Ismahane
2942744,https://www.voscours.fr/prof-particulier-cerny/professeur-mathematique-physique-electrique-experience-2942744,3477551,,Ahmadou Bamba Badiane
2942745,https://www.voscours.fr/prof-particulier-rennes/professeur-6eme-a-terminale-rennes-2942745,3477561,Rennes,Sonia
2942752,https://www.voscours.fr/online/anglais/cours-anglais-niveau-superieur-en-ligne-2942752,3477573,Courbevoie,Anthony
2942759,https://www.voscours.fr/prof-particulier-la-celle-saint-cloud/professeur-lettres-primaire-lycee-celle-saint-cloud-2942759,3477580,Bougival,Nicolas
2942782,https://www.voscours.fr/prof-particulier-nantes/cours-anglais-biologie-chimie-nantes-2942782,3477603,,Marilyne
2943000,https://www.voscours.fr/prof-particulier-asnieres-les-dijon/etudiante-classe-preparatoire-enseigne-anglais-aider-eleves-a-ameliorer-leur-accent-fluidite-leur-discours-2943000,3477880,,Anne
2943020,https://www.voscours.fr/a-domicile/yvelines/bonjour-suis-jeune-diplomee-ecole-ingenieur-suis-passee-classe-preparatoire-mathematiquesaime-beaucoup-mathematiques-suis-sure-que-tout-mond-2943020,1849119,Saint-Étienne,Lea
2943091,https://www.voscours.fr/prof-particulier-roanne/diplomee-licence-lettres-modernes-donne-cours-francais-roannais-2943091,2524276,,Pénélope Jacquet
2943137,https://www.voscours.fr/prof-particulier-choisy-le-roi/etudiante-diplomee-master-a-ens-propose-cours-philosophie-lyceens-2943137,3477651,Choisy-le-Roi,Mathilde
2943155,https://www.voscours.fr/online/arabe/licence-litterature-arabe-classique-2943155,3478140,,Amir
2943220,https://www.voscours.fr/prof-particulier-dijon/professeure-devenir-histoire-dijon-2943220,3478250,,Clémence
2943278,https://www.voscours.fr/online/guitare/cours-guitare-classique-en-ligne-2943278,3463557,Bessèges,Francis
2943285,https://www.voscours.fr/prof-particulier-mery-sur-oise/redactrice-chef-audiovisuel-tres-bonne-maitrise-francais-2943285,3478360,,Le Guen
2943347,https://www.voscours.fr/prof-particulier-le-mans/cours-philosophie-terminal-mans-2943347,1999077,Montrouge,Ben khalifa Nacer
2943476,https://www.voscours.fr/prof-particulier-longjumeau/professeure-francais-arabe-debutants-2943476,3478590,,El boukhari
2943512,https://www.voscours.fr/prof-particulier-morlaix/cours-guitare-debutant-morlaix-2943512,3478643,Morlaix,Yann
2943518,https://www.voscours.fr/prof-particulier-poissy/professeur-polyvalent-doctorant-poissy-2943518,3478650,Carrières-sous-Poissy,Feki
2943591,https://www.voscours.fr/prof-particulier-cergy/professeur-natif-francais-cergy-2943591,3478732,Cergy,DOMO DJOHOU Yvan-Joël
2943677,https://www.voscours.fr/prof-particulier-verneuil-en-halatte/professeur-bilingue-langues-russe-anglais-francais-experience-professionnelle-ans-a-ecole-enfants-ans-serai-heureuse-vous-aider-a-apprendre-2943677,2153532,,Alina
2943773,https://www.voscours.fr/prof-particulier-la-rochelle/etudiantes-science-terre-donnant-cours-mathematiques-jusqu-niveau-terminal-2943773,2989291,La Rochelle,Axelle
2943807,https://www.voscours.fr/prof-particulier-vion-ardeche/cours-chinois-jusqu-niveau-hsk-ardeche-vion-2943807,3478930,,Guillaume
2943849,https://www.voscours.fr/prof-particulier-ancenis/professeur-natif-francais-ancenis-2943849,3478978,,Gwendal
2943929,https://www.voscours.fr/online/mathematiques/aide-devoir-soutien-a-domicile-en-ligne-2943929,1329799,Nantes,Blondel
2943985,https://www.voscours.fr/online/physique/professeur-agregee-sciences-physiques-2943985,3479134,La Seyne-sur-Mer,Alice
2944032,https://www.voscours.fr/online/mathematiques/soutien-scolaire-primaire-math-anglais-histoire-geographie-2944032,3479184,,Marie
2944122,https://www.voscours.fr/prof-particulier-surgeres/professeur-espagnol-francais-surgeres-2944122,3479289,Saint-Georges-du-Bois (Charente-Maritime),Nathalie
2944133,https://www.voscours.fr/prof-particulier-montgeron/cours-mathematiques-montgeron-2944133,3479295,Crosne,Armel
2944192,https://www.voscours.fr/prof-particulier-sada-mayotte/professeure-anglais-experience-sada-15300016-2944192,3479349,,Nayda
2944215,https://www.voscours.fr/prof-particulier-mennetou-sur-cher/artiste-peintre-professionnelle-vous-partager-mes-techniques-mon-savoir-vous-faire-progresser-domaine-quelque-2944215,3479381,Mennetou-sur-Cher,Justine
2944305,https://www.voscours.fr/prof-particulier-clichy/professeur-arabe-litteraire-clichy-2944305,3479477,Asnières-sur-Seine,Simon
2944474,https://www.voscours.fr/prof-particulier-savigny-le-temple/cours-animation-danse-salon-savigny-temple-2944474,3479689,Nandy,Laure
2944495,https://www.voscours.fr/prof-particulier-aix-les-bains/cours-maths-niveau-primaire-college-lycee-2944495,3479631,Aix-les-Bains,Amélie
2944544,https://www.voscours.fr/prof-particulier-tours/aide-aux-devoirs-anglais-francais-mathematiques-2944544,3479773,La Riche,Manon
2944599,https://www.voscours.fr/prof-particulier-poitiers/cours-anglais-tous-niveaux-poitiers-2944599,3479836,,Hayat
2944606,https://www.voscours.fr/prof-particulier-poitiers/cours-arabe-tous-niveaux-poitiers-2944606,3479836,,Hayat
2944861,https://www.voscours.fr/prof-particulier-gosnay/cours-particulier-mathematiques-sciences-vie-terre-physique-chimie-2944861,3480166,,Amandine
2944924,https://www.voscours.fr/prof-particulier-creil/suis-professeur-trilingue-donne-cours-anglais-a-tout-niveau-primaire-adultes-2944924,3480247,Creil,Rachid
2944936,https://www.voscours.fr/prof-particulier-montauban/cours-particuliers-italien-professeur-natif-licencie-langues-etrangeres-appliquees-tous-niveaux-2944936,3480279,Montauban,Stefano
2945024,https://www.voscours.fr/prof-particulier-claye-souilly/etudiant-gestion-pme-donne-cours-soutien-niveau-lycee-2945024,3480446,Claye-Souilly,Eddy
2945080,https://www.voscours.fr/prof-particulier-claye-souilly/etudiant-donne-cours-soutien-niveau-college-2945080,3480446,Claye-Souilly,Eddy
2945193,https://www.voscours.fr/prof-particulier-brunoy/professeur-maths-tous-niveaux-brunoy-2945193,3386725,,Patrice
2945473,https://www.voscours.fr/prof-particulier-reichshoffen/cours-particuliers-maths-sixieme-bts-a-domicile-visioconference-2945473,3481006,,Pascal
2945590,https://www.voscours.fr/prof-particulier-flers-orne/polonais-francais-interprete-traductrice-technicienne-professeur-2945590,3481187,,Joséphine
2945626,https://www.voscours.fr/prof-particulier-neuilly-sur-seine/professeure-physique-chimie-neuilly-seine-2945626,3481224,Courbevoie,Hadjer
2945768,https://www.voscours.fr/online/arabe/cours-langue-arabe-tous-niveaux-en-ligne-2945768,3300451,,Haddidou
2945776,https://www.voscours.fr/online/espagnol/enseignante-bilingue-espagnol-francais-2945776,3479289,Saint-Georges-du-Bois (Charente-Maritime),Nathalie
2945866,https://www.voscours.fr/prof-particulier-gourin/cours-guitare-acoustique-electrique-2945866,3481448,,Jimmy
2945869,https://www.voscours.fr/prof-particulier-albi/etudiant-chercher-a-donner-cours-motiver-surtout-eleves-ainsi-que-aider-termes-methodologie-pousser-haut-reussite-revoir-eux-lacunes-travail-2945869,3481452,,Nora
2946009,https://www.voscours.fr/prof-particulier-saverne/proposition-coaching-sportif-adolescents-multirecidiviste-2946009,3481619,,Alihsan
2946080,https://www.voscours.fr/prof-particulier-mantes-la-jolie/actuellement-etudiante-meef-devenir-professeur-ecoles-a-inspee-paris-2946080,3481717,Limay,Yasmina
2946173,https://www.voscours.fr/online/anglais/cours-anglais-tout-niveaux-reduction-accent-2946173,3481851,,Marine
2946203,https://www.voscours.fr/prof-particulier-osseja/niveau-primaire-collegien-visioconference-francais-etrangers-2946203,2012246,Nahuja,Ciurana
2946215,https://www.voscours.fr/prof-particulier-massy-essonne/cours-particuliers-remontada-mathematiques-niveau-college-lycee-2946215,3481888,Champlan,Rabah
2946243,https://www.voscours.fr/prof-particulier-nimes/cours-maths-soutien-nimes-2946243,3481943,Caissargues,Grégory
2946268,https://www.voscours.fr/prof-particulier-bry-sur-marne/soutien-scolaire-aux-lyceens-collegiens-2946268,3481972,Bry-sur-Marne,Marianne
2946330,https://www.voscours.fr/prof-particulier-drancy/cours-mathematique-a-tous-niveaux-lycees-college-primaire-2946330,3482055,Bobigny,Lina
2946381,https://www.voscours.fr/prof-particulier-saverne/professeure-sciences-vie-terre-saverne-2946381,3482141,Monswiller,Marjorie
2946386,https://www.voscours.fr/online/guitare/cours-guitare-debutants-importe-quel-age-2946386,3482148,,Marion
2946486,https://www.voscours.fr/prof-particulier-saint-apollinaire-cote-dor/programme-sportif-personnalise-cote-saint-apollinaire-2946486,3482339,Quetigny,Floriane
2946528,https://www.voscours.fr/online/mathematiques/tuteur-bilingue-done-cour-math-collegiens-lyceens-superieur-2946528,3482395,,Alvine
2946865,https://www.voscours.fr/prof-particulier-saint-denis-la-reunion/intervenant-anglais-saint-denis-15200014-2946865,3482885,,Feroza
2946880,https://www.voscours.fr/prof-particulier-bretteville-lorgueilleuse/professeur-allemand-bretteville-orgueilleuse-2946880,3482915,Bretteville-l'Orgueilleuse,Marie-Claude
2946896,https://www.voscours.fr/prof-particulier-creteil/enseignant-secondaire-creteil-2946896,3482934,,Assia
2946953,https://www.voscours.fr/prof-particulier-saint-etienne/soutien-scolaire-primaire-saint-etienne-2946953,3483010,Saint-Étienne,Inès
2947014,https://www.voscours.fr/prof-particulier-morlaix/professeur-college-lycee-morlaix-2947014,3483081,Morlaix,Wathelet Laetitia
2947050,https://www.voscours.fr/online/francais/professeur-francais-natif-en-ligne-2947050,3450237,,Cyril
2947118,https://www.voscours.fr/prof-particulier-la-tour-daigues/formatricecoordinatrice-tour-aigues-2947118,3483204,,Catherine
2947131,https://www.voscours.fr/prof-particulier-versailleux/cours-anglais-a-domicile-visio-versailleux-2947131,3483213,,Sylvain
2947147,https://www.voscours.fr/prof-particulier-enveitg/professeur-titule-espagnol-anglais-educatrice-psychologue-2947147,572535,,Sandra
2947150,https://www.voscours.fr/prof-particulier-nantes/etudiant-licence-economie-gestion-nantes-2947150,3483231,Nantes,Alaa
2947152,https://www.voscours.fr/prof-particulier-enveitg/professeur-anglais-espagnol-educatrice-psychologue-2947152,572535,,Sandra
2947264,https://www.voscours.fr/prof-particulier-obernai/photographe-freelance-reportages-evenements-photographie-rue-portrait-paysage-2947264,3483339,Eckbolsheim,Lafargue
2947291,https://www.voscours.fr/prof-particulier-orsay/bonjour-suis-etudiante-normalienne-a-ens-paris-saclay-departement-chimie-apres-avoir-fait-ans-classes-preparatoires-propose-donner-seances-s-2947291,3483371,Bures-sur-Yvette,Alexia
2947420,https://www.voscours.fr/online/mathematiques/cours-particuliers-soutien-scolaire-aide-aux-devoirs-2947420,3483509,,Naïla
2947439,https://www.voscours.fr/cours-anglais/le-coudray/professeur-anglais-donne-cours-particuliers-a-tout-niveaux-donne-aussi-cours-arabe-coudray-2947439,3483507,,Roumaissaa
2947467,https://www.voscours.fr/prof-particulier-la-rochelle/cours-divers-jusqu-niveau-terminale-2947467,3483561,La Rochelle,Nicolain
2947478,https://www.voscours.fr/prof-particulier-noisy-le-sec/professeur-francais-niveau-college-noisy-sec-2947478,3483570,,Clara
2947479,https://www.voscours.fr/prof-particulier-xertigny/assistante-polyvalente-comptable-administratif-2947479,3483572,,Chardel
2947719,https://www.voscours.fr/prof-particulier-thiviers/cour-informatique-generale-avance-thiviers-2947719,2810059,,Mathias
2947816,https://www.voscours.fr/prof-particulier-nantes/etudiant-ingenieurie-mathematiques-a-ecole-centrale-nantes-2947816,3484091,,Saâd
2947958,https://www.voscours.fr/prof-particulier-rennes/etudiant-ingenieur-3eme-annee-genie-environnement-a-unilasalle-rennes-2947958,3484378,Rennes,Matthieu
2947959,https://www.voscours.fr/prof-particulier-la-garde-var/cours-mathematiques-physique-chimie-niveau-collegelycee-2947959,3260297,La Valette-du-Var,Valentin
2947996,https://www.voscours.fr/prof-particulier-nantes/cours-anglais-primaire-a-5eme-nantes-2947996,3484449,Nantes,Miléna
2948008,https://www.voscours.fr/prof-particulier-nogent-sur-marne/anglais-primaires-nogent-marne-2948008,3484479,Fontenay-sous-Bois,Coura
2948095,https://www.voscours.fr/online/mathematiques/bonjour-mon-numero-telephone-est-suivant-precise-que-mes-cours-sont-disposes-a-distance-presentiel-que-premiere-seance-est-seance-bilan-elle-2948095,3484636,Rennes,A.N
2948159,https://www.voscours.fr/online/philosophie/professeur-philosophie-diplome-donne-cours-visio-presentiel-2948159,3484713,,Alix Bourion
2948404,https://www.voscours.fr/prof-particulier-strasbourg/aide-aux-devoirs-presentiel-ligne-strasbourg-2948404,2453871,,kla Marie-Anaelle
2948405,https://www.voscours.fr/prof-particulier-tours/cours-espagnol-niveau-college-lycee-2948405,3484982,,Pauline
2948469,https://www.voscours.fr/prof-particulier-tours/doctorante-droit-specialisation-droit-penal-sciences-criminelles-tours-2948469,3192539,Saint-Cyr-sur-Loire,Elise
2948471,https://www.voscours.fr/prof-particulier-perpignan/bilingue-portugais-part-mes-origines-passionnee-enseignement-propose-transmettre-mes-savoirs-parallele-formation-professeurs-ecoles-perpigna-2948471,3485063,,Lisa
2948496,https://www.voscours.fr/prof-particulier-caen/professeur-musique-caen-2948496,3485097,Caen,Soroush
2948503,https://www.voscours.fr/online/violoncelle/professeure-violoncelle-en-ligne-2948503,3485107,Colmar,Prisca
2948538,https://www.voscours.fr/online/violoncelle/professeur-diplome-etat-dispensexcours-violoncelle-formation-musicale-tous-niveaux-tous-ages-2948538,3477372,,Salembier
2948565,https://www.voscours.fr/prof-particulier-vitry-sur-seine/professeure-yoga-meditation-vitry-seine-2948565,3485179,Alfortville,Elisabeth
2948619,https://www.voscours.fr/prof-particulier-evry-essonne/etudiant-ingenieur-informatique-donne-cours-maths-jusqu-lycee-2948619,3485253,,Joann
2948623,https://www.voscours.fr/online/anglais/professeur-anglais-offre-cours-anglais-aux-professionnels-strasbourg-2948623,3485259,,Jessica Lang
2948849,https://www.voscours.fr/prof-particulier-rennes/ndong-nguema-beverly-2021-rennes-2948849,3485523,Rennes,Beverly
2948940,https://www.voscours.fr/prof-particulier-sollies-pont/cours-yoga-tous-niveaux-hatha-vinyasa-yin-relaxation-pranayama-2948940,3485649,La Garde (Var),Bineta
2949043,https://www.voscours.fr/online/anglais/prof-anglais-tous-en-ligne-2949043,3439103,Arnouville,Gefte
2949097,https://www.voscours.fr/online/russe/cours-russe-tout-niveaux-en-ligne-2949097,1556861,,Galina
2949149,https://www.voscours.fr/prof-particulier-laval-mayenne/cours-francais-orale-ecrit-laval-2949149,3485965,Changé (Mayenne),Kenza
2949150,https://www.voscours.fr/online/francais/cours-francais-aux-choix-orale-ecrit-2949150,3485965,Changé (Mayenne),Kenza
2949255,https://www.voscours.fr/online/arabe/professeur-arabe-litteraire-tous-niveaux-2949255,3486080,,Yasmine
2949466,https://www.voscours.fr/prof-particulier-vouille-vienne/professeure-anglais-a-recherche-eleves-2949466,3486363,,Auriane
2949474,https://www.voscours.fr/online/anglais/come-with-learn-english-en-ligne-2949474,3486363,,Auriane
2949510,https://www.voscours.fr/prof-particulier-bry-sur-marne/cours-anglais-tout-niveaux-jusqu-reduction-accent-creation-point-repaire-adapter-son-language-selon-pays-attendus-cours-travail-recherches-2949510,3486422,,Berrahou
2949512,https://www.voscours.fr/prof-particulier-etampes/cours-espagnol-debutants-etampes-2949512,1862801,Brières-les-Scellés,Maëline
2949559,https://www.voscours.fr/prof-particulier-orly/tout-cours-scientifiques-lyceens-mathematiques-physique-particulier-2949559,3486502,Orly,Ibrahim
2949565,https://www.voscours.fr/prof-particulier-flassans-sur-issole/professeur-ecoles-flassans-issole-2949565,3486512,,Isabelle
2949654,https://www.voscours.fr/prof-particulier-grand-charmont/cours-francais-primaire-college-grand-charmont-2949654,3486627,,Echamaa
2949669,https://www.voscours.fr/prof-particulier-chelles-seine-et-marne/professeur-guitare-professionnel-seine-marne-chelles-2949669,3486647,,Mbayi
2949677,https://www.voscours.fr/a-domicile/sarthe/tant-etudiante-etant-titulaire-baccalaureat-souhaiterai-donner-cours-francais-aux-petits-mans-2949677,3486655,,Allyance
2949682,https://www.voscours.fr/prof-particulier-kourou/secretaire-comptable-kourou-2949682,3486662,,Fiorella
2950039,https://www.voscours.fr/prof-particulier-charleville-mezieres/suis-etudiant-devenir-professeur-ecoles-suis-licence-2950039,3487043,,Moreau Ingrid
2950056,https://www.voscours.fr/prof-particulier-besancon/formatrice-fle-prof-lettres-modernes-experience-ans-domaine-titulaire-master-fle-2950056,2841227,,Ola
2950219,https://www.voscours.fr/prof-particulier-saclay/professeure-hatha-yoga-yoga-doux-saclay-2950219,1565171,Jouy-en-Josas,Audrey
2950235,https://www.voscours.fr/prof-particulier-meudon/administrateur-chef-etablissements-publics-directeur-general-epa-opa-proviseur-eple-bilingue-espagnol-francais-professeur-2950235,2195864,,"Alexandre, Alejandro"
2950261,https://www.voscours.fr/prof-particulier-montreuil-seine-saint-denis/cours-production-msicale-seine-saint-denis-montreuil-2950261,3487346,,Paul
2950296,https://www.voscours.fr/online/anglais/diplomee-master-psychologie-london-school-economics-donne-cours-expression-orale-anglais-2950296,3487404,,Clara
2950329,https://www.voscours.fr/prof-particulier-saint-segal/cour-arabe-tous-nivaux-saint-segal-2950329,1797570,,Oumar Seck
2950370,https://www.voscours.fr/prof-particulier-besancon/etudiante-master-modelisation-statistique-2950370,3487471,Besançon,Ikram
2950571,https://www.voscours.fr/prof-particulier-puteaux/professionnel-dote-dix-ans-experience-tant-que-commercial-capable-a-fois-travailler-equipe-fonctionner-maniere-autonome-fais-preuve-solide-s-2950571,3487697,,Semmar
2950658,https://www.voscours.fr/online/anglais/professeur-bilingue-experience-donne-cours-anglais-ligne-2950658,3487812,,Sarah
2950707,https://www.voscours.fr/online/francais/prof-francais-traduction-arabe-francais-arabe-francais-aux-cpge-2950707,2468164,,Mohamed Eddaki
2950737,https://www.voscours.fr/prof-particulier-pourrieres/professeur-anglais-secondaire-superieur-cours-conversation-2950737,3487900,Pourrières,Pauline
2950753,https://www.voscours.fr/prof-particulier-chelles-seine-et-marne/professeur-guitare-coach-guitare-seine-marne-chelles-2950753,3486647,,Mbayi
2950785,https://www.voscours.fr/prof-particulier-carcassonne/suis-etudiants-1ere-annee-but-stidstatistiques-informatique-decisionelle-2950785,3487943,Carcassonne,Gabriel
2950794,https://www.voscours.fr/online/espagnol/professeur-ecoles-anciennement-professeur-espagnol-propose-mes-services-cours-particuliers-espagnol-primaire-lycee-hauts-seine-chatillon-2950794,3487946,,Khadija
2950817,https://www.voscours.fr/prof-particulier-rennes/etudiant-parlant-couramment-anglais-2950817,3487988,,Titouan
2950824,https://www.voscours.fr/prof-particulier-castres-tarn/photographe-artiste-retouche-photo-tarn-castres-2950824,3487994,Castres (Tarn),Samyn
2950882,https://www.voscours.fr/prof-particulier-massy-essonne/cours-arabe-tous-niveaux-reduction-accent-2950882,2386564,,Riyaz AL Bukhari
2950937,https://www.voscours.fr/prof-particulier-massy-essonne/cours-informatique-reseau-essonne-massy-2950937,3488079,Massy (Essonne),Naël
2950977,https://www.voscours.fr/prof-particulier-le-mans/cours-anglais-niveau-college-mans-2950977,3488110,,Aurore
2951022,https://www.voscours.fr/prof-particulier-toulon/coach-sportive-educatrice-sportive-toulon-2951022,3488145,La Seyne-sur-Mer,Johanna
2951073,https://www.voscours.fr/prof-particulier-decazeville/cours-particuliers-aide-aux-devoirs-pedagogies-variees-2951073,3488205,,Marion
2951133,https://www.voscours.fr/prof-particulier-amiens/photographe-freelance-amiens-amiens-2951133,3488289,,Raja
2951173,https://www.voscours.fr/prof-particulier-colombes/professeur-maths-physiques-info-tout-niveau-2951173,3488320,Colombes,Said
2951178,https://www.voscours.fr/prof-particulier-montmelian/cours-mathematiques-sciences-technologie-college-lycee-2951178,3488329,Chambéry,Virginie
2951192,https://www.voscours.fr/online/francais/professeur-anglais-bilingue-en-ligne-2951192,3303114,Château-d'Olonne,Manon W
2951275,https://www.voscours.fr/prof-particulier-le-mans/cours-mathematiques-mans-2951275,3488427,Coulaines,Khaoula
2951281,https://www.voscours.fr/prof-particulier-nantes/professeur-italien-espagnol-nantes-2951281,3226322,,Rossella
2951486,https://www.voscours.fr/prof-particulier-saumur/assistante-comptable-dossiers-agricoles-bac-2951486,1515867,Saumur,Sandy
2951493,https://www.voscours.fr/prof-particulier-albertville/initiation-cours-particuliers-self-defense-mma-2951493,3488793,,Fabien
2951532,https://www.voscours.fr/prof-particulier-saint-etienne/etudiant-premiere-annee-a-ecole-mines-saint-etienne-2951532,1979306,La Ricamarie,Yvan
2951535,https://www.voscours.fr/prof-particulier-saint-etienne/etudiant-aux-mines-saint-etienne-saint-etienne-2951535,1979306,La Ricamarie,Yvan
2951587,https://www.voscours.fr/prof-particulier-malakoff/professeur-arabe-architecture-malakoff-2951587,3488946,Malakoff,Fadi
2951620,https://www.voscours.fr/prof-particulier-mantes-la-jolie/ingenieur-electronique-deja-ete-professeurs-maths-college-voudrais-partager-passion-maths-2951620,3488996,,Nedjino
2951790,https://www.voscours.fr/prof-particulier-dijon/cours-mathematiques-tous-niveaux-possibilite-physique-chimie-stv-2951790,3489170,Dijon,Maxime
2951885,https://www.voscours.fr/prof-particulier-quimper/professeur-mathematiques-3eme-quimper-2951885,3489282,Quimper,Rania
2951904,https://www.voscours.fr/prof-particulier-saumur/professeur-russe-langue-maternelle-saumur-2951904,3443183,,Mo
2951960,https://www.voscours.fr/prof-particulier-saint-raphael-var/peux-faire-cours-arabe-maitrise-bien-arabe-litteraire-2951960,3489346,,Abla
2952114,https://www.voscours.fr/prof-particulier-montfaucon-en-velay/cours-francais-tous-niveaux-montfaucon-velay-2952114,3489514,,Alexandre
2952187,https://www.voscours.fr/a-domicile/loiret/cours-particuliers-enfants-adolescents-college-lycee-2952187,3489620,,Sana
2952190,https://www.voscours.fr/prof-particulier-longue-jumelles/commerce-international-administration-affaires-technologie-informations-2952190,3489628,,Messaoud
2952234,https://www.voscours.fr/prof-particulier-reims/cours-svt-physique-chimie-reims-2952234,3489682,Reims,Gaëlle
2952394,https://www.voscours.fr/online/francais/aide-aux-devoirs-primaire-college-en-ligne-2952394,2351951,Charnay-lès-Mâcon,Charlotte
2952561,https://www.voscours.fr/online/italien/professeur-natif-italien-tous-niveaux-2952561,3490064,Annecy,Sara
2952696,https://www.voscours.fr/prof-particulier-clermont-ferrand/professeure-native-russe-tous-niveux-objectifs-2952696,3490237,Aubière,Oksana
2952712,https://www.voscours.fr/prof-particulier-nimes/professeur-anglais-nimes-2952712,3490259,,Amélie
2952713,https://www.voscours.fr/prof-particulier-brest/etudiant-2eme-annee-mathematiques-cours-math-2952713,3490260,,Rajaonah Haritsiky
2952751,https://www.voscours.fr/prof-particulier-poitiers/professeur-mathematique-poitiers-2952751,3490319,Biard,Badrane
2952760,https://www.voscours.fr/prof-particulier-saint-pourcain-sur-sioule/professeur-quadrilingue-experience-eprouvee-2952760,3490331,,Sofia
2952805,https://www.voscours.fr/prof-particulier-brest/etudiant-experience-donne-cours-langues-histoire-geo-niveau-lycee-moins-brest-2952805,3490364,Bohars,Killians
2952812,https://www.voscours.fr/prof-particulier-brest/etudiant-donne-cours-francais-oral-erit-brest-2952812,3490364,Bohars,Killians
2952825,https://www.voscours.fr/prof-particulier-creteil/professeur-particulier-competent-experimente-2952825,3490385,,Akylotan Gloire
2952888,https://www.voscours.fr/prof-particulier-montigny-les-metz/specialiste-methodes-travail-professeur-francais-histoire-2952888,3490456,,Graziella
2952895,https://www.voscours.fr/online/physique/physique-magique-enfants-adultes-en-ligne-2952895,3430458,Thoiry (Ain),Ovidiu Florin
2952944,https://www.voscours.fr/prof-particulier-guingamp/professeur-particulier-musique-guingamp-2952944,3490526,,Stewen
2952981,https://www.voscours.fr/prof-particulier-osseja/niveau-primaire-collegien-ligne-osseja-2952981,2012246,Nahuja,Ciurana
2952985,https://www.voscours.fr/prof-particulier-dax/professeur-francais-litterature-aide-a-methodologie-dissertation-commentaire-texte-resume-texte-2952985,3477052,,Vittoria
2953057,https://www.voscours.fr/prof-particulier-limoges/professeur-matieres-scientifiques-limoges-2953057,3490647,Isle,Goumri
2953145,https://www.voscours.fr/prof-particulier-chalon-sur-saone/ancien-etudiant-fac-anglais-titulaire-deug-llce-2953145,3490707,Champforgeuil,Romuald
2953175,https://www.voscours.fr/online/italien/enseignante-langues-etrangeres-ligne-francais-allemand-anglais-italien-italie-comme-france-secteur-prive-comme-public-depuis-plus-ans-tous-n-2953175,2168741,,Valérie Nicole
2953182,https://www.voscours.fr/online/allemand/enseignante-langues-etrangeres-ligne-francais-allemand-anglais-italien-italie-comme-france-secteur-prive-comme-public-depuis-plus-ans-tous-n-2953182,2168741,,Valérie Nicole
2953212,https://www.voscours.fr/online/droit/eleve-avocate-bac-droit-propose-cours-droit-cours-methodologie-2953212,3475712,,Haifa
2953249,https://www.voscours.fr/online/francais/professeur-francais-native-donne-classe-ligne-experience-plus-ans-donne-actuellement-cours-francais-a-eleves-entre-ans-2953249,3277953,,Sarah
2953299,https://www.voscours.fr/online/histoire/donne-cours-soutien-histoire-geographie-2953299,3490872,,Arlene
2953333,https://www.voscours.fr/online/chant/cours-chant-musique-actuelle-en-ligne-2953333,3490911,,Bravard celine
2953334,https://www.voscours.fr/prof-particulier-nanterre/etudiant-bilicence-droit-francais-common-law-2953334,3490915,La Garenne-Colombes,Ivan
2953409,https://www.voscours.fr/prof-particulier-annecy/cours-anglais-tout-niveaux-annecy-2953409,3490996,,Erza
2953530,https://www.voscours.fr/prof-particulier-clermont-ferrand/formateur-musique-assiste-ordinateur-composition-mixage-mastering-sound-design-etc-2953530,3491131,Beaumont (Puy-de-Dôme),Nicolas
2953531,https://www.voscours.fr/online/francais/professeur-francais-eleves-etrangers-soucieux-ameliorer-leur-francais-2953531,3491133,,Anthony
2953650,https://www.voscours.fr/prof-particulier-blois/cours-anglais-particulierement-niveau-debutant-preparation-ielts-2953650,3491283,Blois,Elisa
2953699,https://www.voscours.fr/prof-particulier-lourdes/professeure-yoga-yttc-200h-lourdes-2953699,3491350,Aspin-en-Lavedan,Virginie
2953746,https://www.voscours.fr/prof-particulier-brest/etudiant-ecole-ingenieur-brest-2953746,3491395,Bohars,Alaa
2953872,https://www.voscours.fr/prof-particulier-claye-souilly/professeur-espagnole-claye-souilly-2953872,3491492,,Kévin
2953904,https://www.voscours.fr/prof-particulier-poitiers/etudiant-langue-maternelle-espagnole-2953904,3491522,Biard,Jessica Tatiana
2954093,https://www.voscours.fr/online/francais/cours-francais-tous-niveaux-en-ligne-2954093,3036630,Amiens,Benita
2954131,https://www.voscours.fr/prof-particulier-saint-denis-seine-saint-denis/professeur-economie-gestion-detenteur-dscg-2954131,3491754,,Audrey
2954136,https://www.voscours.fr/prof-particulier-toulon/instructeur-equitation-coach-sportif-2954136,3491757,La Seyne-sur-Mer,Romain
2954161,https://www.voscours.fr/prof-particulier-franconville-val-doise/professeur-informatique-certifie-office-donne-cours-tous-niveaux-2954161,3491775,,Nabil
2954171,https://www.voscours.fr/prof-particulier-boulogne-billancourt/etudiant-ecole-ingenieur-tuteur-mathematiques-2954171,3491790,Boulogne-Billancourt,Ethan
2954211,https://www.voscours.fr/prof-particulier-boulogne-billancourt/cours-programmation-boulogne-billancourt-2954211,3491790,Boulogne-Billancourt,Ethan
2954216,https://www.voscours.fr/prof-particulier-bayonne/courtier-pret-immobilier-ancien-banquier-2954216,3491822,,Romain
2954225,https://www.voscours.fr/prof-particulier-boulogne-billancourt/cours-piano-presentiel-boulogne-billancourt-2954225,3491790,Boulogne-Billancourt,Ethan
2954311,https://www.voscours.fr/prof-particulier-saint-maximin-la-sainte-baume/professeur-piano-experimente-saint-maximin-sainte-baume-2954311,3491943,,Laurent
2954442,https://www.voscours.fr/prof-particulier-beauvais/cours-mathematiques-college-lycee-voire-post-bac-2954442,3492080,Aux Marais,Eric
2954544,https://www.voscours.fr/prof-particulier-pontoise/eleve-ingenieur-generaliste-expert-certifie-conception-mecanique-formateur-caodao-2954544,3492214,Ennery (Val-d’Oise),Hamza
2954589,https://www.voscours.fr/prof-particulier-trevoux/reconversion-enseignement-formation-2954589,3492259,,Wendy
2954608,https://www.voscours.fr/online/programmation/cours-developpement-web-en-ligne-2954608,3492286,Rosières-près-Troyes,Romain
2954623,https://www.voscours.fr/prof-particulier-limoges/ammar-husan-limoges-2954623,3492299,,Ammar
2954633,https://www.voscours.fr/prof-particulier-poitiers/etudiant-droit-passionne-langue-etrangere-vous-propose-cours-soutien-anglais-a-tout-niveau-2954633,3492308,,Quentin
2954643,https://www.voscours.fr/prof-particulier-strasbourg/etudiant-ingenieur-proposant-cours-soutien-maths-2954643,2973546,Eschau,Mohammed
2954660,https://www.voscours.fr/prof-particulier-poitiers/initiation-aux-echecs-amateur-poitiers-2954660,3492308,,Quentin
2954678,https://www.voscours.fr/prof-particulier-levallois-perret/cours-collectifs-eleves-college-classes-reduites-2954678,3492361,Clichy,Ariel
2954687,https://www.voscours.fr/online/francais/cours-francais-tout-niveaux-en-ligne-2954687,3492308,,Quentin
2954699,https://www.voscours.fr/prof-particulier-bures-sur-yvette/cours-anglais-soutien-scolaire-bures-yvette-2954699,3492382,,Amira
2954741,https://www.voscours.fr/online/espagnol/professeur-particulier-espagnol-anglais-francais-native-plus-ans-experience-and-dynamique-2954741,3492435,,Emilie
2954858,https://www.voscours.fr/prof-particulier-tours/professeure-native-toutes-niveaux-espagnol-ele-cecrl-2954858,3492594,,Yvonne
2954871,https://www.voscours.fr/prof-particulier-mont-saxonnex/initiez-vous-yoga-facilement-assouplir-renforcer-votre-corps-votre-esprit-2954871,3492600,Brizon,Caroline
2954973,https://www.voscours.fr/prof-particulier-saint-etienne/professeur-dessin-diplomee-titre-dessinatrice-praticienne-reconnu-etat-2954973,2820300,,Magalie
2955084,https://www.voscours.fr/prof-particulier-margny-les-compiegne/cours-particuliers-anglais-collegiens-lyceens-tous-niveaux-2955084,3492943,,Reshen
2955114,https://www.voscours.fr/prof-particulier-metz/cours-matieres-litteraires-niveaux-primaire-jusqu-lycee-2955114,3492984,Le Ban-Saint-Martin,Pierre
2955220,https://www.voscours.fr/prof-particulier-clermont-ferrand/cours-anglais-niveau-niveau-clermont-ferrand-2955220,3493085,,Alpha Oumar
2955301,https://www.voscours.fr/online/espagnol/didactienne-formation-langue-francaise-espagnol-2955301,3493171,,Alice
2955312,https://www.voscours.fr/prof-particulier-la-versanne/-karine-gravelin-soutien-scolaire-aide-aux-devoirs-2955312,3493189,Bourg-lès-Valence,Karine
2955323,https://www.voscours.fr/prof-particulier-saint-etienne/cours-anglais-initier-ameliorer-saint-etienne-2955323,3492810,,Anaïs
2955379,https://www.voscours.fr/prof-particulier-la-garde-var/professeure-espagnol-langue-maternelle-college-lycee-2955379,3493248,,Azucena
2955384,https://www.voscours.fr/prof-particulier-amiens/etudiante-possession-bachilerato-amiens-2955384,3493257,Amiens,Solène
2955444,https://www.voscours.fr/prof-particulier-amiens/etudiante-qui-aime-maths-amiens-2955444,3493257,Amiens,Solène
2955478,https://www.voscours.fr/prof-particulier-saint-viaud/contractuelle-educatrice-sportive-saint-viaud-2955478,3493358,,Ledroit
2955494,https://www.voscours.fr/prof-particulier-le-mans/surveillante-etudes-surveillees-mans-2955494,3493376,,Chartier
2955561,https://www.voscours.fr/online/mathematiques-appliquees/professeur-maths-statistiques-en-ligne-2955561,3493440,,Chadi
2955673,https://www.voscours.fr/online/anglais/etudiante-a-isit-paris-ecole-traduction-communication-multilingue-donne-cours-ligne-2955673,3493558,,Amy
2955709,https://www.voscours.fr/prof-particulier-nogent-sur-marne/cours-langue-arabe-debutants-intermediaires-2955709,3493620,Fontenay-sous-Bois,Aida
2955806,https://www.voscours.fr/prof-particulier-pau/professeur-francais-licence-fle-master-enseignement-2955806,3493730,,Abad
2955823,https://www.voscours.fr/prof-particulier-saumur/etudiante-maitrise-langue-anglaise-saumur-2955823,3493745,Saumur,Victoire Andréa
2955862,https://www.voscours.fr/online/mathematiques/cours-mathematique-niveau-college-lycee-premiere-annee-2955862,3452632,Cormeilles-en-Parisis,Diénaba
2955882,https://www.voscours.fr/prof-particulier-chateauneuf-sur-loire/formateur-bpjeps-donne-cours-anatomie-fonctionnelle-physiologie-sport-musculation-2955882,3493818,,Romain
2955889,https://www.voscours.fr/online/mathematiques/cours-collectifs-eleves-college-lycee-classes-reduites-2955889,3492361,Clichy,Ariel
2955906,https://www.voscours.fr/prof-particulier-le-mans/cours-histoire-art-arts-plastiques-mans-2955906,2208759,,virginie Gauthier
2956073,https://www.voscours.fr/prof-particulier-asnieres-sur-seine/cours-espagnol-tout-niveaux-asnieres-seine-2956073,3494105,Asnières-sur-Seine,Oualghazi Rachid
2956098,https://www.voscours.fr/prof-particulier-metz/ingenieur-informatique-donnes-cours-matieres-scientifiques-collegiens-2956098,3494142,Le Ban-Saint-Martin,Malika
2956109,https://www.voscours.fr/prof-particulier-limoges/formatrice-anglais-adultes-etudiants-2956109,3494158,,Laura
2956121,https://www.voscours.fr/prof-particulier-amiens/donne-cours-physique-chimie-niveau-lycee-2956121,3352449,Amiens,Goullieux
2956169,https://www.voscours.fr/prof-particulier-guignes/coach-sportif-independant-specialise-perte-ventre-homme-2956169,3494257,,Matthieu
2956311,https://www.voscours.fr/prof-particulier-longwy/etudiant-dut-genie-electrique-informatique-industrielle-souhaite-dispenser-cours-maths-physique-chimie-francais-2956311,3494386,Herserange,Cheikh
2956313,https://www.voscours.fr/online/histoire/enseignant-histoire-geographie-college-lycee-2956313,3482934,,Assia
2956334,https://www.voscours.fr/prof-particulier-sorgues/professeur-jusqu-cap-sorgues-2956334,3494425,,Johanna
2956401,https://www.voscours.fr/prof-particulier-dol-de-bretagne/cours-francais-anglais-dol-bretagne-2956401,3494510,,Emeline
2956415,https://www.voscours.fr/online/physique/cours-physique-chimie-en-ligne-2956415,1446658,Vannes,Audrey
2956428,https://www.voscours.fr/prof-particulier-ris-orangis/professeur-mathematique-ris-orangis-2956428,3494543,,Edmond
2956530,https://www.voscours.fr/prof-particulier-colombes/professeur-francais-expression-oral-2956530,3494665,,Djennane
2956533,https://www.voscours.fr/prof-particulier-limoges/jeune-etudiante-formation-educatrice-specialisee-bac-mention-bien-2956533,3494680,,Maëlle
2956556,https://www.voscours.fr/prof-particulier-puteaux/ciurs-probabilites-statistique-statistique-mathematique-tous-niveaux-2956556,3339857,,Moussi
2956663,https://www.voscours.fr/prof-particulier-vannes/professeur-mathematique-tous-niveau-2956663,3494815,,Lucie
2956686,https://www.voscours.fr/prof-particulier-aubervilliers/transmettre-mathematiques-niveau-jusqua-seconde-2956686,3494834,Aubervilliers,Arijeta
2956707,https://www.voscours.fr/prof-particulier-saint-etienne/cours-anglais-italien-saint-etienne-2956707,3352483,Caveirac,Sébastien
2956746,https://www.voscours.fr/prof-particulier-goussainville-val-doise/already-worked-english-teacher-country-have-experience-teaching-profession-over-years-thinking-suitable-for-this-profession-have-finished-de-2956746,3494903,,Kurugulasingam
2956785,https://www.voscours.fr/online/espagnol/professeur-bilingue-francais-espagnol-donne-cours-tous-niveaux-tous-ages-2956785,3494959,,Coralie
2956874,https://www.voscours.fr/prof-particulier-chapet/cours-espagnol-a-toutes-niveaux-chapet-2956874,3495060,Bouafle,Nadia
2956956,https://www.voscours.fr/prof-particulier-lachapelle-sous-aubenas/enseignante-certifiee-1er-degre-lachapelle-aubenas-2956956,3495151,,Isabelle
2956973,https://www.voscours.fr/prof-particulier-toulon/educateur-sportif-forme-aux-metiers-coaching-preparation-physique-2956973,3495169,,Lolo
2957033,https://www.voscours.fr/prof-particulier-nantes/cours-maths-a-seconde-anglais-tout-niveau-2957033,3495243,Nantes,Justine
2957048,https://www.voscours.fr/online/mathematiques/etudiante-cherche-a-donner-cours-peut-importe-matiere-obtenu-son-baccalaureat-professionnel-mention-2957048,3495262,,Chloé
2957073,https://www.voscours.fr/prof-particulier-chateaulin/professeur-specialisee-aides-adaptees-2957073,3495287,Châteaulin,Cecile
2957111,https://www.voscours.fr/prof-particulier-narbonne/bonjour-jeune-ingenieur-informatique-propose-cours-bureautique-developpement-web-mobilelogicielgit-2957111,3495334,Narbonne,Delmas
2957115,https://www.voscours.fr/prof-particulier-les-lucs-sur-boulogne/futur-professeur-ecoles-lucs-boulogne-2957115,3495339,Beaufou,Lise
2957174,https://www.voscours.fr/prof-particulier-orleans/etudiant-medecine-delivre-cours-matieres-scientifiques-lycees-collegiens-2957174,3495403,,Ilias
2957213,https://www.voscours.fr/prof-particulier-reims/professeur-bilingue-anglais-tous-niveaux-2957213,3495444,Reims,Bénédicte
2957239,https://www.voscours.fr/prof-particulier-villemomble/etudiant-bilingue-donne-cours-maths-anglais-physique-primaire-a-terminale-2957239,2819557,Le Raincy,Samuel
2957293,https://www.voscours.fr/prof-particulier-turqueville/professeur-mathematiques-turqueville-2957293,1950669,,Moctar
2957303,https://www.voscours.fr/prof-particulier-clermont-ferrand/etudiante-ecole-ingenieur-offre-cours-particuliers-mathematiques-2957303,3495554,Clermont-Ferrand,Maria
2957441,https://www.voscours.fr/prof-particulier-pont-de-lisere/formatrice-enseignante-pont-isere-2957441,3495745,Crozes-Hermitage,Agnès
2957445,https://www.voscours.fr/prof-particulier-strasbourg/educatrice-sportive-dote-forte-connaissance-domaine-sportif-travaille-enfants-ainsi-que-adultes-mise-forme-devise-est-faire-sport-mode-vie-2957445,3495752,Entzheim,Chikh
2957492,https://www.voscours.fr/prof-particulier-rueil-malmaison/ingenieur-electricite-energetique-rueil-malmaison-2957492,3495813,Chatou,El Hacen
2957508,https://www.voscours.fr/prof-particulier-tours/cours-mathematique-tous-niveaux-tours-2957508,2630285,Chambray-lès-Tours,Youcef
2957551,https://www.voscours.fr/prof-particulier-soual/professeur-anglais-native-cours-tous-niveaux-2957551,3495889,,Alison
2957597,https://www.voscours.fr/prof-particulier-plougrescant/dynamisme-serieux-grande-facilite-adaptation-2957597,3495950,,Fatima
2957673,https://www.voscours.fr/prof-particulier-pau/etudiant-mathematiques-appliquees-universite-pau-2957673,3496042,Billère,Yassine
2957760,https://www.voscours.fr/prof-particulier-nantes/cours-mathematiques-allant-niveau-primaire-jusqu-niveau-lycee-2957760,3496120,,Tristan
2957795,https://www.voscours.fr/online/chimie/eleve-prepa-pcsi-propose-cours-niveau-college-lycee-2957795,2665824,Oullins,Chloe
2957810,https://www.voscours.fr/prof-particulier-cachan/professeur-langue-arabe-cachan-2957810,3496174,,Bouchra
2957923,https://www.voscours.fr/prof-particulier-cesson/professeur-allemand-professeur-marketing-2957923,3496258,,Sabah
2957963,https://www.voscours.fr/prof-particulier-rivesaltes/cours-anglais-tous-niveaux-rivesaltes-2957963,3496287,,Andréa Bouilly
2957985,https://www.voscours.fr/prof-particulier-nevers/professeur-cours-particuliers-photographie-2957985,3496299,Coulanges-lès-Nevers,Théo
2957993,https://www.voscours.fr/prof-particulier-nimes/professeur-chant-cycle-specialise-crr-montpellier-2957993,3496312,Caissargues,Gabriel
2958072,https://www.voscours.fr/prof-particulier-angers/professeur-a-mes-perdus-angers-2958072,3496386,Angers,Typhaine
2958146,https://www.voscours.fr/prof-particulier-blyes/cours-mathematiques-college-lycee-blyes-2958146,3496471,Blyes,Nathalie
2958201,https://www.voscours.fr/prof-particulier-epinay-sur-seine/donne-cours-violon-solfege-adultes-debutants-2958201,3496506,,Agnes
2958394,https://www.voscours.fr/prof-particulier-louvres/nativa-professeur-bresil-louvres-2958394,3496763,,Dalyleya
2958413,https://www.voscours.fr/prof-particulier-levallois-perret/cours-mathematiques-niveaux-terminal-inferieur-2958413,3496783,,Benamrouche NABIL
2958481,https://www.voscours.fr/online/anglais/professeur-anglais-donne-cours-ligne-2958481,3490839,,Kawthar
2958534,https://www.voscours.fr/prof-particulier-peronnas/professeur-particulier-francais-peronnas-2958534,3496925,,Maëlle
2958552,https://www.voscours.fr/prof-particulier-saint-beron/traductrice-trilingue-interessee-poste-professeur-francais-teletravail-2958552,3496949,,Cyrile
2958559,https://www.voscours.fr/online/mathematiques/cours-matiere-generale-comme-maths-francais-histoire-2958559,3496386,Angers,Typhaine
2958591,https://www.voscours.fr/prof-particulier-belfort-ville/professeur-mathematique-belfort-ville-2958591,3004430,Belfort ville,Ismael
2958641,https://www.voscours.fr/prof-particulier-clermont-ferrand/etudiant-ecole-ingenieur-clermont-ferrand-2958641,3497065,,Ismaïl
2958662,https://www.voscours.fr/prof-particulier-dijon/cours-francais-tous-niveaux-dijon-2958662,3497105,,Leen
2958954,https://www.voscours.fr/prof-particulier-la-courneuve/etudiant-seconde-annee-dut-informatique-2958954,3497481,Aubervilliers,Mounirou
2959052,https://www.voscours.fr/prof-particulier-quetigny/cours-francais-adultes-quetigny-2959052,3497618,,Camille
2959154,https://www.voscours.fr/prof-particulier-strasbourg/etudiant-2eme-annee-economie-gestion-a-universite-strasbourg-2959154,3497730,Bischheim,Hugo
2959317,https://www.voscours.fr/prof-particulier-vergongheon/enseignante-formatrice-experience-vergongheon-2959317,3041535,,Isabelle
2959399,https://www.voscours.fr/prof-particulier-laigle/mathematiques-collegelycee-aigle-2959399,1848222,,Enzo
2959458,https://www.voscours.fr/online/anglais/donne-cours-particulier-anglais-niveau-college-lycee-2959458,3498007,Angoulême,Carole
2959461,https://www.voscours.fr/prof-particulier-nancy/professeur-natif-espagnol-tous-niveaux-2959461,3498009,Malzéville,David
2959511,https://www.voscours.fr/online/mathematiques/professeur-maths-physique-mecanique-2959511,3498066,Argenteuil,Mohamed
2959519,https://www.voscours.fr/prof-particulier-strasbourg/professeur-francais-grammaire-litterature-jusqu-niveau-bac-2959519,3498076,Strasbourg,Jade
2959563,https://www.voscours.fr/online/physique/physique-donne-cours-anglais-physique-maths-primaire-a-terminale-2959563,2819557,Le Raincy,Samuel
2959639,https://www.voscours.fr/prof-particulier-geneuille/professeure-anglais-geneuille-2959639,3498167,Bussières (Haute-Saône),Elsa
2959647,https://www.voscours.fr/online/francais/formatrice-bilingue-francais-anglais-donne-cours-francais-a-toutes-nationalites-2959647,3498173,,Estelle
2959699,https://www.voscours.fr/prof-particulier-strasbourg/etudiante-annee-apporte-son-aide-droit-prive-public-2959699,2284272,,Person Laurine
2959733,https://www.voscours.fr/prof-particulier-saint-germain-les-arpajon/cours-particuliers-francais-saint-germain-arpajon-2959733,3498254,,Mildred
2959780,https://www.voscours.fr/prof-particulier-moelan-sur-mer/professeur-piano-ans-esperience-tout-niveau-tout-styles-2959780,3498306,,Zacharie
2959814,https://www.voscours.fr/prof-particulier-villejuif/cours-maths-jusqua-niveau-seconde-villejuif-2959814,3498336,Cachan,Valentin
2959948,https://www.voscours.fr/prof-particulier-charleville-mezieres/etudiante-experience-donne-cours-soutien-scolaire-primaire-2959948,3498461,Gouzon,Donya
2959996,https://www.voscours.fr/prof-particulier-draguignan/experte-etudes-formation-cours-francais-a-distance-toute-france-2959996,3045923,,Loisel
2960046,https://www.voscours.fr/prof-particulier-tours/etudiant-licence-economie-donne-cours-economie-maths-niveau-college-lycee-2960046,3498598,Chambray-lès-Tours,Killian
2960054,https://www.voscours.fr/online/francais/cours-francais-latin-anglais-a-domicile-ligne-preparation-aux-examens-bac-brevet-superieur-2960054,1437045,Étables-sur-Mer,Catherine
2960128,https://www.voscours.fr/prof-particulier-thiais/cours-francais-developpant-grammaire-conjugaison-vocabulaire-orthographe-etc-2960128,3498706,Choisy-le-Roi,Kassime
2960131,https://www.voscours.fr/prof-particulier-bagneux-hauts-de-seine/cours-maths-physique-lycee-college-ingenieur-activite-2960131,3498709,Bagneux (Hauts-de-Seine),Hamza
2960220,https://www.voscours.fr/prof-particulier-mazingarbe/etudiant-natif-francais-peux-enseigner-langue-anglaise-a-niveau-moyen-peux-enseigner-chapitres-histoire-precis-tele-travail-uniquement-2960220,3498791,,Mathieu
2960249,https://www.voscours.fr/online/anglais/etudiant-qui-niveau-anglais-approchant-qui-peut-apprendre-anglais-a-personnes-besoin-tout-qui-est-conjugaisons-grammaires-etc-2960249,3498791,,Mathieu
2960392,https://www.voscours.fr/prof-particulier-nevers/professeur-trilingue-experience-donne-cours-physique-mathematique-2960392,1769364,Coulanges-lès-Nevers,Hage
2960502,https://www.voscours.fr/prof-particulier-metz/jeune-enseignant-donne-cours-economie-marketing-environnement-commercial-2960502,3499179,Le Ban-Saint-Martin,Christian
